ID,Player,Season
1,Álex Abrines,2016-17
2,Quincy Acy,2016-17
3,Steven Adams,2016-17
4,Arron Afflalo,2016-17
5,Alexis Ajinça,2016-17
6,Cole Aldrich,2016-17
7,LaMarcus Aldridge,2016-17
8,Lavoy Allen,2016-17
9,Tony Allen,2016-17
10,Al-Farouq Aminu,2016-17
11,Chris Andersen,2016-17
12,Alan Anderson,2016-17
13,Justin Anderson,2016-17
14,Kyle Anderson,2016-17
15,Ryan Anderson,2016-17
16,Giannis Antetokounmpo,2016-17
17,Carmelo Anthony,2016-17
18,Joel Anthony,2016-17
19,Trevor Ariza,2016-17
20,Darrell Arthur,2016-17
21,Ömer Aşık,2016-17
22,D.J. Augustin,2016-17
23,Luke Babbitt,2016-17
24,Ron Baker,2016-17
25,Wade Baldwin,2016-17
26,Leandro Barbosa,2016-17
27,J.J. Barea,2016-17
28,Harrison Barnes,2016-17
29,Matt Barnes,2016-17
30,Will Barton,2016-17
31,Brandon Bass,2016-17
32,Nicolas Batum,2016-17
33,Jerryd Bayless,2016-17
34,Aron Baynes,2016-17
35,Kent Bazemore,2016-17
36,Bradley Beal,2016-17
37,Malik Beasley,2016-17
38,Michael Beasley,2016-17
39,Marco Belinelli,2016-17
40,DeAndre' Bembry,2016-17
41,Dragan Bender,2016-17
42,Anthony Bennett,2016-17
43,Ben Bentil,2016-17
44,Dāvis Bertāns,2016-17
45,Patrick Beverley,2016-17
46,Bismack Biyombo,2016-17
47,Nemanja Bjelica,2016-17
48,Tarik Black,2016-17
49,Eric Bledsoe,2016-17
50,Bojan Bogdanović,2016-17
51,Andrew Bogut,2016-17
52,Joel Bolomboy,2016-17
53,Devin Booker,2016-17
54,Trevor Booker,2016-17
55,Avery Bradley,2016-17
56,Corey Brewer,2016-17
57,Malcolm Brogdon,2016-17
58,Aaron Brooks,2016-17
59,Anthony Brown,2016-17
60,Bobby Brown,2016-17
61,Jaylen Brown,2016-17
62,Nicolás Brussino,2016-17
63,Reggie Bullock,2016-17
64,Trey Burke,2016-17
65,Alec Burks,2016-17
66,Jimmy Butler,2016-17
67,Bruno Caboclo,2016-17
68,José Calderón,2016-17
69,Kentavious Caldwell-Pope,2016-17
70,Isaiah Canaan,2016-17
71,Clint Capela,2016-17
72,DeMarre Carroll,2016-17
73,Vince Carter,2016-17
74,Michael Carter-Williams,2016-17
75,Omri Casspi,2016-17
76,Willie Cauley-Stein,2016-17
77,Tyson Chandler,2016-17
78,Wilson Chandler,2016-17
79,Marquese Chriss,2016-17
80,Rakeem Christmas,2016-17
81,Semaj Christon,2016-17
82,Ian Clark,2016-17
83,Jordan Clarkson,2016-17
84,Norris Cole,2016-17
85,Darren Collison,2016-17
86,Nick Collison,2016-17
87,Mike Conley,2016-17
88,Pat Connaughton,2016-17
89,Quinn Cook,2016-17
90,DeMarcus Cousins,2016-17
91,Robert Covington,2016-17
92,Allen Crabbe,2016-17
93,Jamal Crawford,2016-17
94,Jordan Crawford,2016-17
95,Jae Crowder,2016-17
96,Dante Cunningham,2016-17
97,Seth Curry,2016-17
98,Stephen Curry,2016-17
99,Troy Daniels,2016-17
100,Anthony Davis,2016-17
101,Deyonta Davis,2016-17
102,Ed Davis,2016-17
103,Dewayne Dedmon,2016-17
104,Sam Dekker,2016-17
105,Malcolm Delaney,2016-17
106,Matthew Dellavedova,2016-17
107,Luol Deng,2016-17
108,DeMar DeRozan,2016-17
109,Cheick Diallo,2016-17
110,Boris Diaw,2016-17
111,Gorgui Dieng,2016-17
112,Spencer Dinwiddie,2016-17
113,Toney Douglas,2016-17
114,Goran Dragić,2016-17
115,Andre Drummond,2016-17
116,Jared Dudley,2016-17
117,Mike Dunleavy,2016-17
118,Kris Dunn,2016-17
119,Kevin Durant,2016-17
120,Jarell Eddie,2016-17
121,Henry Ellenson,2016-17
122,Wayne Ellington,2016-17
123,Monta Ellis,2016-17
124,Joel Embiid,2016-17
125,James Ennis III,2016-17
126,Tyler Ennis,2016-17
127,Tyreke Evans,2016-17
128,Dante Exum,2016-17
129,Kenneth Faried,2016-17
130,Jordan Farmar,2016-17
131,Derrick Favors,2016-17
132,Kay Felder,2016-17
133,Cristiano Felício,2016-17
134,Raymond Felton,2016-17
135,Yogi Ferrell,2016-17
136,Dorian Finney-Smith,2016-17
137,Bryn Forbes,2016-17
138,Evan Fournier,2016-17
139,Randy Foye,2016-17
140,Tim Frazier,2016-17
141,Enes Freedom,2016-17
142,Channing Frye,2016-17
143,Danilo Gallinari,2016-17
144,Langston Galloway,2016-17
145,Patricio Garino,2016-17
146,Marc Gasol,2016-17
147,Pau Gasol,2016-17
148,Rudy Gay,2016-17
149,Michael Gbinije,2016-17
150,Alonzo Gee,2016-17
151,Paul George,2016-17
152,Marcus Georges-Hunt,2016-17
153,Jonathan Gibson,2016-17
154,Taj Gibson,2016-17
155,Manu Ginóbili,2016-17
156,Rudy Gobert,2016-17
157,Archie Goodwin,2016-17
158,Aaron Gordon,2016-17
159,Eric Gordon,2016-17
160,Marcin Gortat,2016-17
161,Treveon Graham,2016-17
162,Jerami Grant,2016-17
163,Jerian Grant,2016-17
164,Danny Green,2016-17
165,Draymond Green,2016-17
166,Gerald Green,2016-17
167,JaMychal Green,2016-17
168,Jeff Green,2016-17
169,Blake Griffin,2016-17
170,Justin Hamilton,2016-17
171,A.J. Hammons,2016-17
172,Tim Hardaway Jr.,2016-17
173,James Harden,2016-17
174,Maurice Harkless,2016-17
175,Justin Harper,2016-17
176,Montrezl Harrell,2016-17
177,Devin Harris,2016-17
178,Gary Harris,2016-17
179,Joe Harris,2016-17
180,Manny Harris,2016-17
181,Tobias Harris,2016-17
182,Aaron Harrison,2016-17
183,Andrew Harrison,2016-17
184,Udonis Haslem,2016-17
185,Spencer Hawes,2016-17
186,Gordon Hayward,2016-17
187,Gerald Henderson,2016-17
188,John Henson,2016-17
189,Juancho Hernangómez,2016-17
190,Willy Hernangómez,2016-17
191,Mario Hezonja,2016-17
192,Roy Hibbert,2016-17
193,Buddy Hield,2016-17
194,Nenê,2016-17
195,George Hill,2016-17
196,Jordan Hill,2016-17
197,Solomon Hill,2016-17
198,Darrun Hilliard,2016-17
199,Jrue Holiday,2016-17
200,Justin Holiday,2016-17
201,Rondae Hollis-Jefferson,2016-17
202,Richaun Holmes,2016-17
203,Rodney Hood,2016-17
204,Al Horford,2016-17
205,Danuel House Jr.,2016-17
206,Dwight Howard,2016-17
207,Marcelo Huertas,2016-17
208,Josh Huestis,2016-17
209,Kris Humphries,2016-17
210,R.J. Hunter,2016-17
211,Serge Ibaka,2016-17
212,Andre Iguodala,2016-17
213,Ersan İlyasova,2016-17
214,Joe Ingles,2016-17
215,Brandon Ingram,2016-17
216,Kyrie Irving,2016-17
217,Jarrett Jack,2016-17
218,Demetrius Jackson,2016-17
219,Pierre Jackson,2016-17
220,Reggie Jackson,2016-17
221,LeBron James,2016-17
222,Al Jefferson,2016-17
223,Richard Jefferson,2016-17
224,John Jenkins,2016-17
225,Brandon Jennings,2016-17
226,Jonas Jerebko,2016-17
227,Amir Johnson,2016-17
228,Brice Johnson,2016-17
229,James Johnson,2016-17
230,Joe Johnson,2016-17
231,Stanley Johnson,2016-17
232,Tyler Johnson,2016-17
233,Wesley Johnson,2016-17
234,Nikola Jokić,2016-17
235,Dahntay Jones,2016-17
236,Damian Jones,2016-17
237,Derrick Jones Jr.,2016-17
238,James Jones,2016-17
239,Terrence Jones,2016-17
240,Tyus Jones,2016-17
241,DeAndre Jordan,2016-17
242,Cory Joseph,2016-17
243,Frank Kaminsky,2016-17
244,Ryan Kelly,2016-17
245,Michael Kidd-Gilchrist,2016-17
246,Sean Kilpatrick,2016-17
247,Brandon Knight,2016-17
248,Kyle Korver,2016-17
249,Kosta Koufos,2016-17
250,Mindaugas Kuzminskas,2016-17
251,Skal Labissière,2016-17
252,Jeremy Lamb,2016-17
253,Nicolás Laprovíttola,2016-17
254,Joffrey Lauvergne,2016-17
255,Zach LaVine,2016-17
256,Ty Lawson,2016-17
257,Jake Layman,2016-17
258,Courtney Lee,2016-17
259,David Lee,2016-17
260,Alex Len,2016-17
261,Kawhi Leonard,2016-17
262,Meyers Leonard,2016-17
263,Jon Leuer,2016-17
264,Caris LeVert,2016-17
265,DeAndre Liggins,2016-17
266,Damian Lillard,2016-17
267,Jeremy Lin,2016-17
268,Shaun Livingston,2016-17
269,Shawn Long,2016-17
270,Kevon Looney,2016-17
271,Brook Lopez,2016-17
272,Robin Lopez,2016-17
273,Kevin Love,2016-17
274,Kyle Lowry,2016-17
275,John Lucas III,2016-17
276,Timothé Luwawu-Cabarrot,2016-17
277,Trey Lyles,2016-17
278,Sheldon Mac,2016-17
279,Shelvin Mack,2016-17
280,Ian Mahinmi,2016-17
281,Thon Maker,2016-17
282,Boban Marjanović,2016-17
283,Jarell Martin,2016-17
284,Wesley Matthews,2016-17
285,Luc Mbah a Moute,2016-17
286,James Michael McAdoo,2016-17
287,Patrick McCaw,2016-17
288,CJ McCollum,2016-17
289,T.J. McConnell,2016-17
290,Chris McCullough,2016-17
291,K.J. McDaniels,2016-17
292,Doug McDermott,2016-17
293,JaVale McGee,2016-17
294,Rodney McGruder,2016-17
295,Ben McLemore,2016-17
296,Jordan McRae,2016-17
297,Josh McRoberts,2016-17
298,Jodie Meeks,2016-17
299,Salah Mejri,2016-17
300,Jordan Mickey,2016-17
301,Khris Middleton,2016-17
302,C.J. Miles,2016-17
303,Mike Miller,2016-17
304,Patty Mills,2016-17
305,Elijah Millsap,2016-17
306,Paul Millsap,2016-17
307,Nikola Mirotić,2016-17
308,Greg Monroe,2016-17
309,E'Twaun Moore,2016-17
310,Marcus Morris,2016-17
311,Markieff Morris,2016-17
312,Anthony Morrow,2016-17
313,Donatas Motiejūnas,2016-17
314,Timofey Mozgov,2016-17
315,Emmanuel Mudiay,2016-17
316,Shabazz Muhammad,2016-17
317,Dejounte Murray,2016-17
318,Jamal Murray,2016-17
319,Mike Muscala,2016-17
320,Larry Nance Jr.,2016-17
321,Shabazz Napier,2016-17
322,Maurice Ndour,2016-17
323,Gary Neal,2016-17
324,Jameer Nelson,2016-17
325,Raul Neto,2016-17
326,Georges Niang,2016-17
327,Andrew Nicholson,2016-17
328,Joakim Noah,2016-17
329,Nerlens Noel,2016-17
330,Lucas Nogueira,2016-17
331,Steve Novak,2016-17
332,Dirk Nowitzki,2016-17
333,Jusuf Nurkić,2016-17
334,David Nwaba,2016-17
335,Johnny O'Bryant,2016-17
336,Kyle O'Quinn,2016-17
337,Daniel Ochefu,2016-17
338,Jahlil Okafor,2016-17
339,Victor Oladipo,2016-17
340,Kelly Olynyk,2016-17
341,Arinze Onuaku,2016-17
342,Chinanu Onuaku,2016-17
343,Kelly Oubre Jr.,2016-17
344,Zaza Pachulia,2016-17
345,Georgios Papagiannis,2016-17
346,Jabari Parker,2016-17
347,Tony Parker,2016-17
348,Chandler Parsons,2016-17
349,Lamar Patterson,2016-17
350,Patrick Patterson,2016-17
351,Chris Paul,2016-17
352,Adreian Payne,2016-17
353,Cameron Payne,2016-17
354,Elfrid Payton,2016-17
355,Gary Payton II,2016-17
356,Paul Pierce*,2016-17
357,Marshall Plumlee,2016-17
358,Mason Plumlee,2016-17
359,Miles Plumlee,2016-17
360,Jakob Poeltl,2016-17
361,Otto Porter Jr.,2016-17
362,Bobby Portis,2016-17
363,Kristaps Porziņģis,2016-17
364,Dwight Powell,2016-17
365,Norman Powell,2016-17
366,Alex Poythress,2016-17
367,Ronnie Price,2016-17
368,Taurean Prince,2016-17
369,Tim Quarterman,2016-17
370,Chasson Randle,2016-17
371,Julius Randle,2016-17
372,Zach Randolph,2016-17
373,J.J. Redick,2016-17
374,Willie Reed,2016-17
375,Josh Richardson,2016-17
376,Malachi Richardson,2016-17
377,Austin Rivers,2016-17
378,Andre Roberson,2016-17
379,Brian Roberts,2016-17
380,Glenn Robinson III,2016-17
381,Thomas Robinson,2016-17
382,Sergio Rodríguez,2016-17
383,Rajon Rondo,2016-17
384,Derrick Rose,2016-17
385,Terrence Ross,2016-17
386,Terry Rozier,2016-17
387,Ricky Rubio,2016-17
388,Damjan Rudež,2016-17
389,Brandon Rush,2016-17
390,D'Angelo Russell,2016-17
391,Domantas Sabonis,2016-17
392,Larry Sanders,2016-17
393,Dario Šarić,2016-17
394,Tomáš Satoranský,2016-17
395,Dennis Schröder,2016-17
396,Luis Scola,2016-17
397,Mike Scott,2016-17
398,Thabo Sefolosha,2016-17
399,Wayne Selden,2016-17
400,Kevin Séraphin,2016-17
401,Ramon Sessions,2016-17
402,Iman Shumpert,2016-17
403,Pascal Siakam,2016-17
404,Jonathon Simmons,2016-17
405,Kyle Singler,2016-17
406,Marcus Smart,2016-17
407,Ish Smith,2016-17
408,J.R. Smith,2016-17
409,Jason Smith,2016-17
410,Tony Snell,2016-17
411,Marreese Speights,2016-17
412,Tiago Splitter,2016-17
413,Nik Stauskas,2016-17
414,Lance Stephenson,2016-17
415,Jarnell Stokes,2016-17
416,Diamond Stone,2016-17
417,Rodney Stuckey,2016-17
418,Jared Sullinger,2016-17
419,Edy Tavares,2016-17
420,Isaiah Taylor,2016-17
421,Jeff Teague,2016-17
422,Mirza Teletović,2016-17
423,Garrett Temple,2016-17
424,Jason Terry,2016-17
425,Isaiah Thomas,2016-17
426,Lance Thomas,2016-17
427,Hollis Thompson,2016-17
428,Klay Thompson,2016-17
429,Tristan Thompson,2016-17
430,Marcus Thornton,2016-17
431,Mike Tobey,2016-17
432,Anthony Tolliver,2016-17
433,Axel Toupane,2016-17
434,Karl-Anthony Towns,2016-17
435,P.J. Tucker,2016-17
436,Evan Turner,2016-17
437,Myles Turner,2016-17
438,Beno Udrih,2016-17
439,Tyler Ulis,2016-17
440,Jarrod Uthoff,2016-17
441,Jonas Valančiūnas,2016-17
442,Denzel Valentine,2016-17
443,Fred VanVleet,2016-17
444,Anderson Varejão,2016-17
445,Greivis Vásquez,2016-17
446,Rashad Vaughn,2016-17
447,Noah Vonleh,2016-17
448,Nikola Vučević,2016-17
449,Sasha Vujačić,2016-17
450,Dwyane Wade,2016-17
451,Dion Waiters,2016-17
452,Kemba Walker,2016-17
453,John Wall,2016-17
454,T.J. Warren,2016-17
455,C.J. Watson,2016-17
456,Briante Weber,2016-17
457,David West,2016-17
458,Russell Westbrook,2016-17
459,Okaro White,2016-17
460,Isaiah Whitehead,2016-17
461,Hassan Whiteside,2016-17
462,Andrew Wiggins,2016-17
463,C.J. Wilcox,2016-17
464,Alan Williams,2016-17
465,Deron Williams,2016-17
466,Derrick Williams,2016-17
467,Lou Williams,2016-17
468,Marvin Williams,2016-17
469,Reggie Williams,2016-17
470,Troy Williams,2016-17
471,Kyle Wiltjer,2016-17
472,Justise Winslow,2016-17
473,Jeff Withey,2016-17
474,Christian Wood,2016-17
475,Metta World Peace,2016-17
476,Brandan Wright,2016-17
477,Delon Wright,2016-17
478,James Young,2016-17
479,Joe Young,2016-17
480,Nick Young,2016-17
481,Thaddeus Young,2016-17
482,Cody Zeller,2016-17
483,Tyler Zeller,2016-17
484,Stephen Zimmerman,2016-17
485,Paul Zipser,2016-17
486,Ivica Zubac,2016-17
487,Álex Abrines,2017-18
488,Quincy Acy,2017-18
489,Steven Adams,2017-18
490,Bam Adebayo,2017-18
491,Arron Afflalo,2017-18
492,Cole Aldrich,2017-18
493,LaMarcus Aldridge,2017-18
494,Jarrett Allen,2017-18
495,Kadeem Allen,2017-18
496,Tony Allen,2017-18
497,Al-Farouq Aminu,2017-18
498,Justin Anderson,2017-18
499,Kyle Anderson,2017-18
500,Ryan Anderson,2017-18
501,Ike Anigbogu,2017-18
502,Giannis Antetokounmpo,2017-18
503,Carmelo Anthony,2017-18
504,OG Anunoby,2017-18
505,Ryan Arcidiacono,2017-18
506,Trevor Ariza,2017-18
507,Darrell Arthur,2017-18
508,Jamel Artis,2017-18
509,Ömer Aşık,2017-18
510,D.J. Augustin,2017-18
511,Luke Babbitt,2017-18
512,Dwayne Bacon,2017-18
513,Ron Baker,2017-18
514,Wade Baldwin,2017-18
515,Lonzo Ball,2017-18
516,J.J. Barea,2017-18
517,Harrison Barnes,2017-18
518,Will Barton,2017-18
519,Nicolas Batum,2017-18
520,Jerryd Bayless,2017-18
521,Aron Baynes,2017-18
522,Kent Bazemore,2017-18
523,Bradley Beal,2017-18
524,Malik Beasley,2017-18
525,Michael Beasley,2017-18
526,Marco Belinelli,2017-18
527,Jordan Bell,2017-18
528,DeAndre' Bembry,2017-18
529,Dragan Bender,2017-18
530,Dāvis Bertāns,2017-18
531,Patrick Beverley,2017-18
532,Khem Birch,2017-18
533,Jabari Bird,2017-18
534,Bismack Biyombo,2017-18
535,Nemanja Bjelica,2017-18
536,Tarik Black,2017-18
537,Antonio Blakeney,2017-18
538,Eric Bledsoe,2017-18
539,Vander Blue,2017-18
540,Bogdan Bogdanović,2017-18
541,Bojan Bogdanović,2017-18
542,Andrew Bogut,2017-18
543,Joel Bolomboy,2017-18
544,Devin Booker,2017-18
545,Trevor Booker,2017-18
546,Chris Boucher,2017-18
547,Avery Bradley,2017-18
548,Tony Bradley,2017-18
549,Corey Brewer,2017-18
550,Malcolm Brogdon,2017-18
551,Aaron Brooks,2017-18
552,Dillon Brooks,2017-18
553,MarShon Brooks,2017-18
554,Anthony Brown,2017-18
555,Bobby Brown,2017-18
556,Jaylen Brown,2017-18
557,Lorenzo Brown,2017-18
558,Markel Brown,2017-18
559,Sterling Brown,2017-18
560,Nicolás Brussino,2017-18
561,Thomas Bryant,2017-18
562,Reggie Bullock,2017-18
563,Trey Burke,2017-18
564,Alec Burks,2017-18
565,Jimmy Butler,2017-18
566,Dwight Buycks,2017-18
567,Bruno Caboclo,2017-18
568,José Calderón,2017-18
569,Kentavious Caldwell-Pope,2017-18
570,Isaiah Canaan,2017-18
571,Clint Capela,2017-18
572,DeMarre Carroll,2017-18
573,Vince Carter,2017-18
574,Michael Carter-Williams,2017-18
575,Alex Caruso,2017-18
576,Omri Casspi,2017-18
577,Willie Cauley-Stein,2017-18
578,Tyler Cavanaugh,2017-18
579,Mario Chalmers,2017-18
580,Tyson Chandler,2017-18
581,Wilson Chandler,2017-18
582,Marquese Chriss,2017-18
583,Ian Clark,2017-18
584,Jordan Clarkson,2017-18
585,Gian Clavell,2017-18
586,Antonius Cleveland,2017-18
587,John Collins,2017-18
588,Zach Collins,2017-18
589,Kyle Collinsworth,2017-18
590,Darren Collison,2017-18
591,Nick Collison,2017-18
592,Mike Conley,2017-18
593,Pat Connaughton,2017-18
594,Quinn Cook,2017-18
595,Charles Cooke,2017-18
596,Jack Cooley,2017-18
597,Matt Costello,2017-18
598,DeMarcus Cousins,2017-18
599,Robert Covington,2017-18
600,Allen Crabbe,2017-18
601,Torrey Craig,2017-18
602,Jamal Crawford,2017-18
603,Jordan Crawford,2017-18
604,Jae Crowder,2017-18
605,Dante Cunningham,2017-18
606,Stephen Curry,2017-18
607,Troy Daniels,2017-18
608,Anthony Davis,2017-18
609,Deyonta Davis,2017-18
610,Ed Davis,2017-18
611,Dewayne Dedmon,2017-18
612,Sam Dekker,2017-18
613,Malcolm Delaney,2017-18
614,Matthew Dellavedova,2017-18
615,Luol Deng,2017-18
616,DeMar DeRozan,2017-18
617,Cheick Diallo,2017-18
618,Gorgui Dieng,2017-18
619,Spencer Dinwiddie,2017-18
620,Tyler Dorsey,2017-18
621,Damyean Dotson,2017-18
622,Milton Doyle,2017-18
623,PJ Dozier,2017-18
624,Goran Dragić,2017-18
625,Larry Drew II,2017-18
626,Andre Drummond,2017-18
627,Jared Dudley,2017-18
628,Kris Dunn,2017-18
629,Kevin Durant,2017-18
630,Jarell Eddie,2017-18
631,Henry Ellenson,2017-18
632,Wayne Ellington,2017-18
633,Joel Embiid,2017-18
634,James Ennis III,2017-18
635,Tyler Ennis,2017-18
636,Jawun Evans,2017-18
637,Jeremy Evans,2017-18
638,Tyreke Evans,2017-18
639,Dante Exum,2017-18
640,Kenneth Faried,2017-18
641,Derrick Favors,2017-18
642,Kay Felder,2017-18
643,Cristiano Felício,2017-18
644,Raymond Felton,2017-18
645,Terrance Ferguson,2017-18
646,Yogi Ferrell,2017-18
647,Dorian Finney-Smith,2017-18
648,Bryn Forbes,2017-18
649,Evan Fournier,2017-18
650,De'Aaron Fox,2017-18
651,Tim Frazier,2017-18
652,Enes Freedom,2017-18
653,Channing Frye,2017-18
654,Markelle Fultz,2017-18
655,Danilo Gallinari,2017-18
656,Langston Galloway,2017-18
657,Marc Gasol,2017-18
658,Pau Gasol,2017-18
659,Rudy Gay,2017-18
660,Paul George,2017-18
661,Marcus Georges-Hunt,2017-18
662,Jonathan Gibson,2017-18
663,Taj Gibson,2017-18
664,Manu Ginóbili,2017-18
665,Rudy Gobert,2017-18
666,Aaron Gordon,2017-18
667,Eric Gordon,2017-18
668,Marcin Gortat,2017-18
669,Treveon Graham,2017-18
670,Jerami Grant,2017-18
671,Jerian Grant,2017-18
672,Josh Gray,2017-18
673,Danny Green,2017-18
674,Draymond Green,2017-18
675,Gerald Green,2017-18
676,JaMychal Green,2017-18
677,Jeff Green,2017-18
678,Blake Griffin,2017-18
679,Daniel Hamilton,2017-18
680,Tim Hardaway Jr.,2017-18
681,James Harden,2017-18
682,Maurice Harkless,2017-18
683,Montrezl Harrell,2017-18
684,Devin Harris,2017-18
685,Gary Harris,2017-18
686,Joe Harris,2017-18
687,Tobias Harris,2017-18
688,Aaron Harrison,2017-18
689,Andrew Harrison,2017-18
690,Shaquille Harrison,2017-18
691,Josh Hart,2017-18
692,Udonis Haslem,2017-18
693,Nigel Hayes,2017-18
694,Gordon Hayward,2017-18
695,Reggie Hearn,2017-18
696,Myke Henry,2017-18
697,John Henson,2017-18
698,Juancho Hernangómez,2017-18
699,Willy Hernangómez,2017-18
700,Mario Hezonja,2017-18
701,Isaiah Hicks,2017-18
702,Buddy Hield,2017-18
703,Nenê,2017-18
704,George Hill,2017-18
705,Solomon Hill,2017-18
706,Darrun Hilliard,2017-18
707,Jrue Holiday,2017-18
708,Justin Holiday,2017-18
709,John Holland,2017-18
710,Rondae Hollis-Jefferson,2017-18
711,Richaun Holmes,2017-18
712,Rodney Hood,2017-18
713,Scotty Hopson,2017-18
714,Al Horford,2017-18
715,Danuel House Jr.,2017-18
716,Dwight Howard,2017-18
717,Josh Huestis,2017-18
718,R.J. Hunter,2017-18
719,Vince Hunter,2017-18
720,Serge Ibaka,2017-18
721,Andre Iguodala,2017-18
722,Ersan İlyasova,2017-18
723,Joe Ingles,2017-18
724,Andre Ingram,2017-18
725,Brandon Ingram,2017-18
726,Kyrie Irving,2017-18
727,Jonathan Isaac,2017-18
728,Wes Iwundu,2017-18
729,Jarrett Jack,2017-18
730,Aaron Jackson,2017-18
731,Demetrius Jackson,2017-18
732,Josh Jackson,2017-18
733,Justin Jackson,2017-18
734,Reggie Jackson,2017-18
735,LeBron James,2017-18
736,Mike James,2017-18
737,Al Jefferson,2017-18
738,Richard Jefferson,2017-18
739,Brandon Jennings,2017-18
740,Jonas Jerebko,2017-18
741,Amir Johnson,2017-18
742,Brice Johnson,2017-18
743,Dakari Johnson,2017-18
744,James Johnson,2017-18
745,Joe Johnson,2017-18
746,Omari Johnson,2017-18
747,Stanley Johnson,2017-18
748,Tyler Johnson,2017-18
749,Wesley Johnson,2017-18
750,Nikola Jokić,2017-18
751,Damian Jones,2017-18
752,Derrick Jones Jr.,2017-18
753,Jalen Jones,2017-18
754,Tyus Jones,2017-18
755,DeAndre Jordan,2017-18
756,Cory Joseph,2017-18
757,Frank Kaminsky,2017-18
758,Luke Kennard,2017-18
759,Michael Kidd-Gilchrist,2017-18
760,Sean Kilpatrick,2017-18
761,Maxi Kleber,2017-18
762,Furkan Korkmaz,2017-18
763,Luke Kornet,2017-18
764,Kyle Korver,2017-18
765,Kosta Koufos,2017-18
766,Kyle Kuzma,2017-18
767,Mindaugas Kuzminskas,2017-18
768,Skal Labissière,2017-18
769,Jeremy Lamb,2017-18
770,Shane Larkin,2017-18
771,Joffrey Lauvergne,2017-18
772,Zach LaVine,2017-18
773,Jake Layman,2017-18
774,T.J. Leaf,2017-18
775,Courtney Lee,2017-18
776,Damion Lee,2017-18
777,Walt Lemon Jr.,2017-18
778,Alex Len,2017-18
779,Kawhi Leonard,2017-18
780,Meyers Leonard,2017-18
781,Jon Leuer,2017-18
782,Caris LeVert,2017-18
783,DeAndre Liggins,2017-18
784,Damian Lillard,2017-18
785,Jeremy Lin,2017-18
786,Shaun Livingston,2017-18
787,Kevon Looney,2017-18
788,Brook Lopez,2017-18
789,Robin Lopez,2017-18
790,Kevin Love,2017-18
791,Kyle Lowry,2017-18
792,Timothé Luwawu-Cabarrot,2017-18
793,Tyler Lydon,2017-18
794,Trey Lyles,2017-18
795,Shelvin Mack,2017-18
796,Josh Magette,2017-18
797,Ian Mahinmi,2017-18
798,Thon Maker,2017-18
799,Boban Marjanović,2017-18
800,Lauri Markkanen,2017-18
801,Jarell Martin,2017-18
802,Frank Mason III,2017-18
803,Mangok Mathiang,2017-18
804,Wesley Matthews,2017-18
805,Luc Mbah a Moute,2017-18
806,James Michael McAdoo,2017-18
807,Patrick McCaw,2017-18
808,CJ McCollum,2017-18
809,T.J. McConnell,2017-18
810,Erik McCree,2017-18
811,Chris McCullough,2017-18
812,Doug McDermott,2017-18
813,JaVale McGee,2017-18
814,Rodney McGruder,2017-18
815,Trey McKinney-Jones,2017-18
816,Alfonzo McKinnie,2017-18
817,Ben McLemore,2017-18
818,Josh McRoberts,2017-18
819,Jodie Meeks,2017-18
820,Salah Mejri,2017-18
821,Jordan Mickey,2017-18
822,Khris Middleton,2017-18
823,C.J. Miles,2017-18
824,Darius Miller,2017-18
825,Malcolm Miller,2017-18
826,Patty Mills,2017-18
827,Paul Millsap,2017-18
828,Nikola Mirotić,2017-18
829,Donovan Mitchell,2017-18
830,Naz Mitrou-Long,2017-18
831,Malik Monk,2017-18
832,Greg Monroe,2017-18
833,Luis Montero,2017-18
834,Ben Moore,2017-18
835,E'Twaun Moore,2017-18
836,Eric Moreland,2017-18
837,Jaylen Morris,2017-18
838,Marcus Morris,2017-18
839,Markieff Morris,2017-18
840,Monte Morris,2017-18
841,Johnathan Motley,2017-18
842,Timofey Mozgov,2017-18
843,Emmanuel Mudiay,2017-18
844,Shabazz Muhammad,2017-18
845,Xavier Munford,2017-18
846,Dejounte Murray,2017-18
847,Jamal Murray,2017-18
848,Mike Muscala,2017-18
849,Abdel Nader,2017-18
850,Larry Nance Jr.,2017-18
851,Shabazz Napier,2017-18
852,Jameer Nelson,2017-18
853,Raul Neto,2017-18
854,Georges Niang,2017-18
855,Joakim Noah,2017-18
856,Nerlens Noel,2017-18
857,Lucas Nogueira,2017-18
858,Dirk Nowitzki,2017-18
859,Frank Ntilikina,2017-18
860,Jusuf Nurkić,2017-18
861,David Nwaba,2017-18
862,Johnny O'Bryant,2017-18
863,Royce O'Neale,2017-18
864,Kyle O'Quinn,2017-18
865,Semi Ojeleye,2017-18
866,Emeka Okafor,2017-18
867,Jahlil Okafor,2017-18
868,Victor Oladipo,2017-18
869,Kelly Olynyk,2017-18
870,Chinanu Onuaku,2017-18
871,Cedi Osman,2017-18
872,Kelly Oubre Jr.,2017-18
873,Zaza Pachulia,2017-18
874,Marcus Paige,2017-18
875,Georgios Papagiannis,2017-18
876,Jabari Parker,2017-18
877,Tony Parker,2017-18
878,Chandler Parsons,2017-18
879,Patrick Patterson,2017-18
880,Justin Patton,2017-18
881,Brandon Paul,2017-18
882,Chris Paul,2017-18
883,Adreian Payne,2017-18
884,Cameron Payne,2017-18
885,Elfrid Payton,2017-18
886,Gary Payton II,2017-18
887,Kendrick Perkins,2017-18
888,London Perrantes,2017-18
889,Alec Peters,2017-18
890,Marshall Plumlee,2017-18
891,Mason Plumlee,2017-18
892,Miles Plumlee,2017-18
893,Jakob Poeltl,2017-18
894,Quincy Pondexter,2017-18
895,Otto Porter Jr.,2017-18
896,Bobby Portis,2017-18
897,Kristaps Porziņģis,2017-18
898,Dwight Powell,2017-18
899,Norman Powell,2017-18
900,Alex Poythress,2017-18
901,Taurean Prince,2017-18
902,Jacob Pullen,2017-18
903,Rodney Purvis,2017-18
904,Zhou Qi,2017-18
905,Tim Quarterman,2017-18
906,Ivan Rabb,2017-18
907,Julius Randle,2017-18
908,Zach Randolph,2017-18
909,Xavier Rathan-Mayes,2017-18
910,J.J. Redick,2017-18
911,Davon Reed,2017-18
912,Willie Reed,2017-18
913,Josh Richardson,2017-18
914,Malachi Richardson,2017-18
915,Austin Rivers,2017-18
916,Andre Roberson,2017-18
917,Devin Robinson,2017-18
918,Glenn Robinson III,2017-18
919,Rajon Rondo,2017-18
920,Derrick Rose,2017-18
921,Terrence Ross,2017-18
922,Terry Rozier,2017-18
923,Ricky Rubio,2017-18
924,D'Angelo Russell,2017-18
925,Domantas Sabonis,2017-18
926,JaKarr Sampson,2017-18
927,Dario Šarić,2017-18
928,Tomáš Satoranský,2017-18
929,Dennis Schröder,2017-18
930,Mike Scott,2017-18
931,Thabo Sefolosha,2017-18
932,Wayne Selden,2017-18
933,Ramon Sessions,2017-18
934,Iman Shumpert,2017-18
935,Pascal Siakam,2017-18
936,Xavier Silas,2017-18
937,Ben Simmons,2017-18
938,Jonathon Simmons,2017-18
939,Kobi Simmons,2017-18
940,Kyle Singler,2017-18
941,Marcus Smart,2017-18
942,Dennis Smith Jr.,2017-18
943,Ish Smith,2017-18
944,J.R. Smith,2017-18
945,Jason Smith,2017-18
946,Josh Smith,2017-18
947,Tony Snell,2017-18
948,Marreese Speights,2017-18
949,Nik Stauskas,2017-18
950,Lance Stephenson,2017-18
951,David Stockton,2017-18
952,Julyan Stone,2017-18
953,Edmond Sumner,2017-18
954,Caleb Swanigan,2017-18
955,Jayson Tatum,2017-18
956,Isaiah Taylor,2017-18
957,Jeff Teague,2017-18
958,Marquis Teague,2017-18
959,Mirza Teletović,2017-18
960,Garrett Temple,2017-18
961,Miloš Teodosić,2017-18
962,Jason Terry,2017-18
963,Daniel Theis,2017-18
964,Isaiah Thomas,2017-18
965,Lance Thomas,2017-18
966,Klay Thompson,2017-18
967,Tristan Thompson,2017-18
968,Sindarius Thornwell,2017-18
969,Anthony Tolliver,2017-18
970,Karl-Anthony Towns,2017-18
971,P.J. Tucker,2017-18
972,Evan Turner,2017-18
973,Myles Turner,2017-18
974,Ekpe Udoh,2017-18
975,Tyler Ulis,2017-18
976,Jonas Valančiūnas,2017-18
977,Denzel Valentine,2017-18
978,Fred VanVleet,2017-18
979,Rashad Vaughn,2017-18
980,Noah Vonleh,2017-18
981,Nikola Vučević,2017-18
982,Dwyane Wade,2017-18
983,Dion Waiters,2017-18
984,Kemba Walker,2017-18
985,John Wall,2017-18
986,Tyrone Wallace,2017-18
987,Derrick Walton,2017-18
988,Jameel Warney,2017-18
989,T.J. Warren,2017-18
990,Travis Wear,2017-18
991,James Webb III,2017-18
992,Briante Weber,2017-18
993,David West,2017-18
994,Russell Westbrook,2017-18
995,Andrew White,2017-18
996,Derrick White,2017-18
997,Okaro White,2017-18
998,Isaiah Whitehead,2017-18
999,Hassan Whiteside,2017-18
1000,Andrew Wiggins,2017-18
1001,Jacob Wiley,2017-18
1002,Damien Wilkins,2017-18
1003,Alan Williams,2017-18
1004,C.J. Williams,2017-18
1005,Derrick Williams,2017-18
1006,Lou Williams,2017-18
1007,Marvin Williams,2017-18
1008,Matt Williams,2017-18
1009,Troy Williams,2017-18
1010,D.J. Wilson,2017-18
1011,Jamil Wilson,2017-18
1012,Justise Winslow,2017-18
1013,Jeff Withey,2017-18
1014,Nate Wolters,2017-18
1015,Brandan Wright,2017-18
1016,Delon Wright,2017-18
1017,Guerschon Yabusele,2017-18
1018,James Young,2017-18
1019,Joe Young,2017-18
1020,Nick Young,2017-18
1021,Thaddeus Young,2017-18
1022,Cody Zeller,2017-18
1023,Tyler Zeller,2017-18
1024,Paul Zipser,2017-18
1025,Ante Žižić,2017-18
1026,Ivica Zubac,2017-18
1027,Álex Abrines,2018-19
1028,Quincy Acy,2018-19
1029,Jaylen Adams,2018-19
1030,Steven Adams,2018-19
1031,Bam Adebayo,2018-19
1032,Deng Adel,2018-19
1033,DeVaughn Akoon-Purcell,2018-19
1034,LaMarcus Aldridge,2018-19
1035,Rawle Alkins,2018-19
1036,Grayson Allen,2018-19
1037,Jarrett Allen,2018-19
1038,Kadeem Allen,2018-19
1039,Al-Farouq Aminu,2018-19
1040,Justin Anderson,2018-19
1041,Kyle Anderson,2018-19
1042,Ryan Anderson,2018-19
1043,Ike Anigbogu,2018-19
1044,Giannis Antetokounmpo,2018-19
1045,Kostas Antetokounmpo,2018-19
1046,Carmelo Anthony,2018-19
1047,OG Anunoby,2018-19
1048,Ryan Arcidiacono,2018-19
1049,Trevor Ariza,2018-19
1050,D.J. Augustin,2018-19
1051,Deandre Ayton,2018-19
1052,Dwayne Bacon,2018-19
1053,Marvin Bagley III,2018-19
1054,Ron Baker,2018-19
1055,Wade Baldwin,2018-19
1056,Lonzo Ball,2018-19
1057,Mo Bamba,2018-19
1058,J.J. Barea,2018-19
1059,Harrison Barnes,2018-19
1060,Will Barton,2018-19
1061,Keita Bates-Diop,2018-19
1062,Nicolas Batum,2018-19
1063,Jerryd Bayless,2018-19
1064,Aron Baynes,2018-19
1065,Kent Bazemore,2018-19
1066,Bradley Beal,2018-19
1067,Malik Beasley,2018-19
1068,Michael Beasley,2018-19
1069,Marco Belinelli,2018-19
1070,Jordan Bell,2018-19
1071,DeAndre' Bembry,2018-19
1072,Dragan Bender,2018-19
1073,Dairis Bertāns,2018-19
1074,Dāvis Bertāns,2018-19
1075,Patrick Beverley,2018-19
1076,Khem Birch,2018-19
1077,Bismack Biyombo,2018-19
1078,Nemanja Bjelica,2018-19
1079,Antonio Blakeney,2018-19
1080,Eric Bledsoe,2018-19
1081,Jaron Blossomgame,2018-19
1082,Bogdan Bogdanović,2018-19
1083,Bojan Bogdanović,2018-19
1084,Andrew Bogut,2018-19
1085,Jonah Bolden,2018-19
1086,Isaac Bonga,2018-19
1087,Devin Booker,2018-19
1088,Chris Boucher,2018-19
1089,Avery Bradley,2018-19
1090,Tony Bradley,2018-19
1091,Corey Brewer,2018-19
1092,Mikal Bridges,2018-19
1093,Miles Bridges,2018-19
1094,Isaiah Briscoe,2018-19
1095,Ryan Broekhoff,2018-19
1096,Malcolm Brogdon,2018-19
1097,Dillon Brooks,2018-19
1098,MarShon Brooks,2018-19
1099,Bruce Brown,2018-19
1100,Jaylen Brown,2018-19
1101,Lorenzo Brown,2018-19
1102,Sterling Brown,2018-19
1103,Troy Brown Jr.,2018-19
1104,Jalen Brunson,2018-19
1105,Thomas Bryant,2018-19
1106,Reggie Bullock,2018-19
1107,Trey Burke,2018-19
1108,Alec Burks,2018-19
1109,Deonte Burton,2018-19
1110,Jimmy Butler,2018-19
1111,Bruno Caboclo,2018-19
1112,José Calderón,2018-19
1113,Kentavious Caldwell-Pope,2018-19
1114,Isaiah Canaan,2018-19
1115,Clint Capela,2018-19
1116,DeMarre Carroll,2018-19
1117,Jevon Carter,2018-19
1118,Vince Carter,2018-19
1119,Wendell Carter Jr.,2018-19
1120,Michael Carter-Williams,2018-19
1121,Alex Caruso,2018-19
1122,Omri Casspi,2018-19
1123,Willie Cauley-Stein,2018-19
1124,Troy Caupain,2018-19
1125,Tyler Cavanaugh,2018-19
1126,Tyson Chandler,2018-19
1127,Wilson Chandler,2018-19
1128,Joe Chealey,2018-19
1129,Chris Chiozza,2018-19
1130,Marquese Chriss,2018-19
1131,Gary Clark,2018-19
1132,Ian Clark,2018-19
1133,Jordan Clarkson,2018-19
1134,John Collins,2018-19
1135,Zach Collins,2018-19
1136,Darren Collison,2018-19
1137,Bonzie Colson,2018-19
1138,Mike Conley,2018-19
1139,Pat Connaughton,2018-19
1140,Quinn Cook,2018-19
1141,DeMarcus Cousins,2018-19
1142,Robert Covington,2018-19
1143,Allen Crabbe,2018-19
1144,Torrey Craig,2018-19
1145,Jamal Crawford,2018-19
1146,Mitch Creek,2018-19
1147,Jae Crowder,2018-19
1148,Dante Cunningham,2018-19
1149,Seth Curry,2018-19
1150,Stephen Curry,2018-19
1151,Troy Daniels,2018-19
1152,Anthony Davis,2018-19
1153,Deyonta Davis,2018-19
1154,Ed Davis,2018-19
1155,Tyler Davis,2018-19
1156,Dewayne Dedmon,2018-19
1157,Sam Dekker,2018-19
1158,Ángel Delgado,2018-19
1159,Matthew Dellavedova,2018-19
1160,Luol Deng,2018-19
1161,DeMar DeRozan,2018-19
1162,Marcus Derrickson,2018-19
1163,Cheick Diallo,2018-19
1164,Hamidou Diallo,2018-19
1165,Gorgui Dieng,2018-19
1166,Spencer Dinwiddie,2018-19
1167,Donte DiVincenzo,2018-19
1168,Luka Dončić,2018-19
1169,Tyler Dorsey,2018-19
1170,Damyean Dotson,2018-19
1171,PJ Dozier,2018-19
1172,Goran Dragić,2018-19
1173,Andre Drummond,2018-19
1174,Jared Dudley,2018-19
1175,Kris Dunn,2018-19
1176,Kevin Durant,2018-19
1177,Trevon Duval,2018-19
1178,Vince Edwards,2018-19
1179,Henry Ellenson,2018-19
1180,Wayne Ellington,2018-19
1181,Joel Embiid,2018-19
1182,James Ennis III,2018-19
1183,Drew Eubanks,2018-19
1184,Jacob Evans,2018-19
1185,Jawun Evans,2018-19
1186,Tyreke Evans,2018-19
1187,Dante Exum,2018-19
1188,Kenneth Faried,2018-19
1189,Derrick Favors,2018-19
1190,Cristiano Felício,2018-19
1191,Raymond Felton,2018-19
1192,Terrance Ferguson,2018-19
1193,Yogi Ferrell,2018-19
1194,Dorian Finney-Smith,2018-19
1195,Bryn Forbes,2018-19
1196,Evan Fournier,2018-19
1197,De'Aaron Fox,2018-19
1198,Melvin Frazier,2018-19
1199,Tim Frazier,2018-19
1200,Jimmer Fredette,2018-19
1201,Enes Freedom,2018-19
1202,Channing Frye,2018-19
1203,Markelle Fultz,2018-19
1204,Danilo Gallinari,2018-19
1205,Langston Galloway,2018-19
1206,Billy Garrett,2018-19
1207,Marc Gasol,2018-19
1208,Pau Gasol,2018-19
1209,Rudy Gay,2018-19
1210,Paul George,2018-19
1211,Taj Gibson,2018-19
1212,Harry Giles,2018-19
1213,Shai Gilgeous-Alexander,2018-19
1214,Rudy Gobert,2018-19
1215,Brandon Goodwin,2018-19
1216,Aaron Gordon,2018-19
1217,Eric Gordon,2018-19
1218,Marcin Gortat,2018-19
1219,Devonte' Graham,2018-19
1220,Treveon Graham,2018-19
1221,Jerami Grant,2018-19
1222,Jerian Grant,2018-19
1223,Donte Grantham,2018-19
1224,Danny Green,2018-19
1225,Draymond Green,2018-19
1226,Gerald Green,2018-19
1227,JaMychal Green,2018-19
1228,Jeff Green,2018-19
1229,Blake Griffin,2018-19
1230,Daniel Hamilton,2018-19
1231,Dusty Hannahs,2018-19
1232,Tim Hardaway Jr.,2018-19
1233,James Harden,2018-19
1234,Maurice Harkless,2018-19
1235,Montrezl Harrell,2018-19
1236,Devin Harris,2018-19
1237,Gary Harris,2018-19
1238,Joe Harris,2018-19
1239,Tobias Harris,2018-19
1240,Andrew Harrison,2018-19
1241,Shaquille Harrison,2018-19
1242,Josh Hart,2018-19
1243,Isaiah Hartenstein,2018-19
1244,Udonis Haslem,2018-19
1245,Gordon Hayward,2018-19
1246,John Henson,2018-19
1247,Juancho Hernangómez,2018-19
1248,Willy Hernangómez,2018-19
1249,Mario Hezonja,2018-19
1250,Isaiah Hicks,2018-19
1251,Buddy Hield,2018-19
1252,Haywood Highsmith,2018-19
1253,Nenê,2018-19
1254,George Hill,2018-19
1255,Solomon Hill,2018-19
1256,Aaron Holiday,2018-19
1257,Jrue Holiday,2018-19
1258,Justin Holiday,2018-19
1259,John Holland,2018-19
1260,Rondae Hollis-Jefferson,2018-19
1261,Richaun Holmes,2018-19
1262,Rodney Hood,2018-19
1263,Al Horford,2018-19
1264,Danuel House Jr.,2018-19
1265,Dwight Howard,2018-19
1266,Kevin Huerter,2018-19
1267,Isaac Humphries,2018-19
1268,R.J. Hunter,2018-19
1269,Chandler Hutchison,2018-19
1270,Serge Ibaka,2018-19
1271,Andre Iguodala,2018-19
1272,Ersan İlyasova,2018-19
1273,Joe Ingles,2018-19
1274,Andre Ingram,2018-19
1275,Brandon Ingram,2018-19
1276,Kyrie Irving,2018-19
1277,Jonathan Isaac,2018-19
1278,Wes Iwundu,2018-19
1279,Demetrius Jackson,2018-19
1280,Frank Jackson,2018-19
1281,Jaren Jackson Jr.,2018-19
1282,Josh Jackson,2018-19
1283,Justin Jackson,2018-19
1284,Reggie Jackson,2018-19
1285,LeBron James,2018-19
1286,Amile Jefferson,2018-19
1287,John Jenkins,2018-19
1288,Jonas Jerebko,2018-19
1289,Alize Johnson,2018-19
1290,Amir Johnson,2018-19
1291,B.J. Johnson,2018-19
1292,James Johnson,2018-19
1293,Stanley Johnson,2018-19
1294,Tyler Johnson,2018-19
1295,Wesley Johnson,2018-19
1296,Nikola Jokić,2018-19
1297,Damian Jones,2018-19
1298,Derrick Jones Jr.,2018-19
1299,Jalen Jones,2018-19
1300,Jemerrio Jones,2018-19
1301,Terrence Jones,2018-19
1302,Tyus Jones,2018-19
1303,DeAndre Jordan,2018-19
1304,Cory Joseph,2018-19
1305,Frank Kaminsky,2018-19
1306,Luke Kennard,2018-19
1307,Michael Kidd-Gilchrist,2018-19
1308,George King,2018-19
1309,Maxi Kleber,2018-19
1310,Brandon Knight,2018-19
1311,Kevin Knox,2018-19
1312,Furkan Korkmaz,2018-19
1313,Luke Kornet,2018-19
1314,Kyle Korver,2018-19
1315,Kosta Koufos,2018-19
1316,Rodions Kurucs,2018-19
1317,Kyle Kuzma,2018-19
1318,Skal Labissière,2018-19
1319,Jeremy Lamb,2018-19
1320,Zach LaVine,2018-19
1321,Jake Layman,2018-19
1322,T.J. Leaf,2018-19
1323,Courtney Lee,2018-19
1324,Damion Lee,2018-19
1325,Walt Lemon Jr.,2018-19
1326,Alex Len,2018-19
1327,Kawhi Leonard,2018-19
1328,Meyers Leonard,2018-19
1329,Jon Leuer,2018-19
1330,Caris LeVert,2018-19
1331,Damian Lillard,2018-19
1332,Jeremy Lin,2018-19
1333,Shaun Livingston,2018-19
1334,Zach Lofton,2018-19
1335,Kevon Looney,2018-19
1336,Brook Lopez,2018-19
1337,Robin Lopez,2018-19
1338,Kevin Love,2018-19
1339,Kyle Lowry,2018-19
1340,Jordan Loyd,2018-19
1341,Kalin Lucas,2018-19
1342,Timothé Luwawu-Cabarrot,2018-19
1343,Tyler Lydon,2018-19
1344,Trey Lyles,2018-19
1345,Scott Machado,2018-19
1346,Shelvin Mack,2018-19
1347,Daryl Macon,2018-19
1348,J.P. Macura,2018-19
1349,Ian Mahinmi,2018-19
1350,Thon Maker,2018-19
1351,Boban Marjanović,2018-19
1352,Lauri Markkanen,2018-19
1353,Jarell Martin,2018-19
1354,Frank Mason III,2018-19
1355,Yante Maten,2018-19
1356,Wesley Matthews,2018-19
1357,Luc Mbah a Moute,2018-19
1358,Tahjere McCall,2018-19
1359,Patrick McCaw,2018-19
1360,CJ McCollum,2018-19
1361,T.J. McConnell,2018-19
1362,Doug McDermott,2018-19
1363,JaVale McGee,2018-19
1364,Rodney McGruder,2018-19
1365,Alfonzo McKinnie,2018-19
1366,Ben McLemore,2018-19
1367,Jordan McRae,2018-19
1368,Jodie Meeks,2018-19
1369,Salah Mejri,2018-19
1370,De'Anthony Melton,2018-19
1371,Chimezie Metu,2018-19
1372,Khris Middleton,2018-19
1373,C.J. Miles,2018-19
1374,Darius Miller,2018-19
1375,Malcolm Miller,2018-19
1376,Patty Mills,2018-19
1377,Paul Millsap,2018-19
1378,Shake Milton,2018-19
1379,Nikola Mirotić,2018-19
1380,Donovan Mitchell,2018-19
1381,Naz Mitrou-Long,2018-19
1382,Malik Monk,2018-19
1383,Greg Monroe,2018-19
1384,E'Twaun Moore,2018-19
1385,Eric Moreland,2018-19
1386,Jaylen Morris,2018-19
1387,Marcus Morris,2018-19
1388,Markieff Morris,2018-19
1389,Monte Morris,2018-19
1390,Donatas Motiejūnas,2018-19
1391,Johnathan Motley,2018-19
1392,Emmanuel Mudiay,2018-19
1393,Jamal Murray,2018-19
1394,Džanan Musa,2018-19
1395,Mike Muscala,2018-19
1396,Svi Mykhailiuk,2018-19
1397,Abdel Nader,2018-19
1398,Larry Nance Jr.,2018-19
1399,Shabazz Napier,2018-19
1400,Raul Neto,2018-19
1401,Georges Niang,2018-19
1402,Joakim Noah,2018-19
1403,Nerlens Noel,2018-19
1404,Dirk Nowitzki,2018-19
1405,Frank Ntilikina,2018-19
1406,James Nunnally,2018-19
1407,Jusuf Nurkić,2018-19
1408,David Nwaba,2018-19
1409,Royce O'Neale,2018-19
1410,Kyle O'Quinn,2018-19
1411,Semi Ojeleye,2018-19
1412,Jahlil Okafor,2018-19
1413,Elie Okobo,2018-19
1414,Josh Okogie,2018-19
1415,Victor Oladipo,2018-19
1416,Kelly Olynyk,2018-19
1417,Cedi Osman,2018-19
1418,Kelly Oubre Jr.,2018-19
1419,Zaza Pachulia,2018-19
1420,Jabari Parker,2018-19
1421,Tony Parker,2018-19
1422,Chandler Parsons,2018-19
1423,Patrick Patterson,2018-19
1424,Justin Patton,2018-19
1425,Chris Paul,2018-19
1426,Cameron Payne,2018-19
1427,Elfrid Payton,2018-19
1428,Gary Payton II,2018-19
1429,Theo Pinson,2018-19
1430,Mason Plumlee,2018-19
1431,Miles Plumlee,2018-19
1432,Jakob Poeltl,2018-19
1433,Quincy Pondexter,2018-19
1434,Otto Porter Jr.,2018-19
1435,Bobby Portis,2018-19
1436,Dwight Powell,2018-19
1437,Norman Powell,2018-19
1438,Alex Poythress,2018-19
1439,Taurean Prince,2018-19
1440,Zhou Qi,2018-19
1441,Ivan Rabb,2018-19
1442,Chasson Randle,2018-19
1443,Julius Randle,2018-19
1444,J.J. Redick,2018-19
1445,Davon Reed,2018-19
1446,Cameron Reynolds,2018-19
1447,Josh Richardson,2018-19
1448,Malachi Richardson,2018-19
1449,Austin Rivers,2018-19
1450,Devin Robinson,2018-19
1451,Duncan Robinson,2018-19
1452,Glenn Robinson III,2018-19
1453,Jerome Robinson,2018-19
1454,Mitchell Robinson,2018-19
1455,Rajon Rondo,2018-19
1456,Derrick Rose,2018-19
1457,Terrence Ross,2018-19
1458,Terry Rozier,2018-19
1459,Ricky Rubio,2018-19
1460,D'Angelo Russell,2018-19
1461,Domantas Sabonis,2018-19
1462,Brandon Sampson,2018-19
1463,JaKarr Sampson,2018-19
1464,Dario Šarić,2018-19
1465,Tomáš Satoranský,2018-19
1466,Dennis Schröder,2018-19
1467,Mike Scott,2018-19
1468,Thabo Sefolosha,2018-19
1469,Wayne Selden,2018-19
1470,Collin Sexton,2018-19
1471,Landry Shamet,2018-19
1472,Iman Shumpert,2018-19
1473,Pascal Siakam,2018-19
1474,Jordan Sibert,2018-19
1475,Ben Simmons,2018-19
1476,Jonathon Simmons,2018-19
1477,Kobi Simmons,2018-19
1478,Anfernee Simons,2018-19
1479,Marcus Smart,2018-19
1480,Dennis Smith Jr.,2018-19
1481,Ish Smith,2018-19
1482,J.R. Smith,2018-19
1483,Jason Smith,2018-19
1484,Zhaire Smith,2018-19
1485,Tony Snell,2018-19
1486,Ray Spalding,2018-19
1487,Omari Spellman,2018-19
1488,Nik Stauskas,2018-19
1489,D.J. Stephens,2018-19
1490,Lance Stephenson,2018-19
1491,Edmond Sumner,2018-19
1492,Caleb Swanigan,2018-19
1493,Jayson Tatum,2018-19
1494,Jeff Teague,2018-19
1495,Garrett Temple,2018-19
1496,Miloš Teodosić,2018-19
1497,Jared Terrell,2018-19
1498,Emanuel Terry,2018-19
1499,Daniel Theis,2018-19
1500,Isaiah Thomas,2018-19
1501,Khyri Thomas,2018-19
1502,Lance Thomas,2018-19
1503,Klay Thompson,2018-19
1504,Tristan Thompson,2018-19
1505,Sindarius Thornwell,2018-19
1506,Anthony Tolliver,2018-19
1507,Karl-Anthony Towns,2018-19
1508,Gary Trent Jr.,2018-19
1509,Allonzo Trier,2018-19
1510,P.J. Tucker,2018-19
1511,Evan Turner,2018-19
1512,Myles Turner,2018-19
1513,Ekpe Udoh,2018-19
1514,Tyler Ulis,2018-19
1515,Jonas Valančiūnas,2018-19
1516,Jarred Vanderbilt,2018-19
1517,Fred VanVleet,2018-19
1518,Noah Vonleh,2018-19
1519,Nikola Vučević,2018-19
1520,Dwyane Wade,2018-19
1521,Moritz Wagner,2018-19
1522,Dion Waiters,2018-19
1523,Kemba Walker,2018-19
1524,Lonnie Walker IV,2018-19
1525,John Wall,2018-19
1526,Tyrone Wallace,2018-19
1527,Brad Wanamaker,2018-19
1528,T.J. Warren,2018-19
1529,Julian Washburn,2018-19
1530,Yuta Watanabe,2018-19
1531,Thomas Welsh,2018-19
1532,Russell Westbrook,2018-19
1533,Derrick White,2018-19
1534,Okaro White,2018-19
1535,Hassan Whiteside,2018-19
1536,Andrew Wiggins,2018-19
1537,Alan Williams,2018-19
1538,C.J. Williams,2018-19
1539,Johnathan Williams,2018-19
1540,Kenrich Williams,2018-19
1541,Lou Williams,2018-19
1542,Marvin Williams,2018-19
1543,Robert Williams,2018-19
1544,Troy Williams,2018-19
1545,D.J. Wilson,2018-19
1546,Justise Winslow,2018-19
1547,Christian Wood,2018-19
1548,Delon Wright,2018-19
1549,Guerschon Yabusele,2018-19
1550,Nick Young,2018-19
1551,Thaddeus Young,2018-19
1552,Trae Young,2018-19
1553,Cody Zeller,2018-19
1554,Tyler Zeller,2018-19
1555,Ante Žižić,2018-19
1556,Ivica Zubac,2018-19
1557,Steven Adams,2019-20
1558,Bam Adebayo,2019-20
1559,LaMarcus Aldridge,2019-20
1560,Kyle Alexander,2019-20
1561,Nickeil Alexander-Walker,2019-20
1562,Grayson Allen,2019-20
1563,Jarrett Allen,2019-20
1564,Kadeem Allen,2019-20
1565,Al-Farouq Aminu,2019-20
1566,Justin Anderson,2019-20
1567,Kyle Anderson,2019-20
1568,Ryan Anderson,2019-20
1569,Giannis Antetokounmpo,2019-20
1570,Kostas Antetokounmpo,2019-20
1571,Thanasis Antetokounmpo,2019-20
1572,Carmelo Anthony,2019-20
1573,OG Anunoby,2019-20
1574,Ryan Arcidiacono,2019-20
1575,Trevor Ariza,2019-20
1576,D.J. Augustin,2019-20
1577,Deandre Ayton,2019-20
1578,Dwayne Bacon,2019-20
1579,Marvin Bagley III,2019-20
1580,Lonzo Ball,2019-20
1581,Mo Bamba,2019-20
1582,J.J. Barea,2019-20
1583,Harrison Barnes,2019-20
1584,RJ Barrett,2019-20
1585,Will Barton,2019-20
1586,Keita Bates-Diop,2019-20
1587,Nicolas Batum,2019-20
1588,Aron Baynes,2019-20
1589,Kent Bazemore,2019-20
1590,Darius Bazley,2019-20
1591,Bradley Beal,2019-20
1592,Malik Beasley,2019-20
1593,Marco Belinelli,2019-20
1594,Jordan Bell,2019-20
1595,DeAndre' Bembry,2019-20
1596,Dragan Bender,2019-20
1597,Dāvis Bertāns,2019-20
1598,Patrick Beverley,2019-20
1599,Khem Birch,2019-20
1600,Goga Bitadze,2019-20
1601,Bismack Biyombo,2019-20
1602,Nemanja Bjelica,2019-20
1603,Eric Bledsoe,2019-20
1604,Bogdan Bogdanović,2019-20
1605,Bojan Bogdanović,2019-20
1606,Bol Bol,2019-20
1607,Jonah Bolden,2019-20
1608,Marques Bolden,2019-20
1609,Jordan Bone,2019-20
1610,Isaac Bonga,2019-20
1611,Devin Booker,2019-20
1612,Chris Boucher,2019-20
1613,Brian Bowen,2019-20
1614,Ky Bowman,2019-20
1615,Avery Bradley,2019-20
1616,Tony Bradley,2019-20
1617,Jarrell Brantley,2019-20
1618,Ignas Brazdeikis,2019-20
1619,Corey Brewer,2019-20
1620,Mikal Bridges,2019-20
1621,Miles Bridges,2019-20
1622,Oshae Brissett,2019-20
1623,Ryan Broekhoff,2019-20
1624,Malcolm Brogdon,2019-20
1625,Dillon Brooks,2019-20
1626,Bruce Brown,2019-20
1627,Charlie Brown Jr.,2019-20
1628,Jaylen Brown,2019-20
1629,Moses Brown,2019-20
1630,Sterling Brown,2019-20
1631,Troy Brown Jr.,2019-20
1632,Jalen Brunson,2019-20
1633,Thomas Bryant,2019-20
1634,Reggie Bullock,2019-20
1635,Trey Burke,2019-20
1636,Alec Burks,2019-20
1637,Deonte Burton,2019-20
1638,Jimmy Butler,2019-20
1639,Bruno Caboclo,2019-20
1640,Devontae Cacok,2019-20
1641,Kentavious Caldwell-Pope,2019-20
1642,Vlatko Čančar,2019-20
1643,Clint Capela,2019-20
1644,DeMarre Carroll,2019-20
1645,Jevon Carter,2019-20
1646,Vince Carter,2019-20
1647,Wendell Carter Jr.,2019-20
1648,Michael Carter-Williams,2019-20
1649,Alex Caruso,2019-20
1650,Willie Cauley-Stein,2019-20
1651,Tyson Chandler,2019-20
1652,Wilson Chandler,2019-20
1653,Joe Chealey,2019-20
1654,Zylan Cheatham,2019-20
1655,Chris Chiozza,2019-20
1656,Marquese Chriss,2019-20
1657,Gary Clark,2019-20
1658,Brandon Clarke,2019-20
1659,Jordan Clarkson,2019-20
1660,Nic Claxton,2019-20
1661,Chris Clemons,2019-20
1662,Antonius Cleveland,2019-20
1663,Amir Coffey,2019-20
1664,John Collins,2019-20
1665,Zach Collins,2019-20
1666,Mike Conley,2019-20
1667,Pat Connaughton,2019-20
1668,Quinn Cook,2019-20
1669,Tyler Cook,2019-20
1670,Robert Covington,2019-20
1671,Allen Crabbe,2019-20
1672,Torrey Craig,2019-20
1673,Jamal Crawford,2019-20
1674,Jae Crowder,2019-20
1675,Jarrett Culver,2019-20
1676,Seth Curry,2019-20
1677,Stephen Curry,2019-20
1678,Troy Daniels,2019-20
1679,Anthony Davis,2019-20
1680,Ed Davis,2019-20
1681,Terence Davis,2019-20
1682,Dewayne Dedmon,2019-20
1683,Matthew Dellavedova,2019-20
1684,DeMar DeRozan,2019-20
1685,Cheick Diallo,2019-20
1686,Hamidou Diallo,2019-20
1687,Gorgui Dieng,2019-20
1688,Spencer Dinwiddie,2019-20
1689,Donte DiVincenzo,2019-20
1690,Luka Dončić,2019-20
1691,Luguentz Dort,2019-20
1692,Damyean Dotson,2019-20
1693,Sekou Doumbouya,2019-20
1694,PJ Dozier,2019-20
1695,Goran Dragić,2019-20
1696,Andre Drummond,2019-20
1697,Jared Dudley,2019-20
1698,Kris Dunn,2019-20
1699,Carsen Edwards,2019-20
1700,Henry Ellenson,2019-20
1701,Wayne Ellington,2019-20
1702,Joel Embiid,2019-20
1703,James Ennis III,2019-20
1704,Drew Eubanks,2019-20
1705,Jacob Evans,2019-20
1706,Dante Exum,2019-20
1707,Tacko Fall,2019-20
1708,Derrick Favors,2019-20
1709,Cristiano Felício,2019-20
1710,Terrance Ferguson,2019-20
1711,Bruno Fernando,2019-20
1712,Yogi Ferrell,2019-20
1713,Dorian Finney-Smith,2019-20
1714,Bryn Forbes,2019-20
1715,Evan Fournier,2019-20
1716,De'Aaron Fox,2019-20
1717,Melvin Frazier,2019-20
1718,Michael Frazier,2019-20
1719,Tim Frazier,2019-20
1720,Enes Freedom,2019-20
1721,Markelle Fultz,2019-20
1722,Wenyen Gabriel,2019-20
1723,Daniel Gafford,2019-20
1724,Danilo Gallinari,2019-20
1725,Langston Galloway,2019-20
1726,Darius Garland,2019-20
1727,Marc Gasol,2019-20
1728,Rudy Gay,2019-20
1729,Paul George,2019-20
1730,Taj Gibson,2019-20
1731,Harry Giles,2019-20
1732,Shai Gilgeous-Alexander,2019-20
1733,Rudy Gobert,2019-20
1734,Brandon Goodwin,2019-20
1735,Aaron Gordon,2019-20
1736,Eric Gordon,2019-20
1737,Devonte' Graham,2019-20
1738,Treveon Graham,2019-20
1739,Jerami Grant,2019-20
1740,Jerian Grant,2019-20
1741,Josh Gray,2019-20
1742,Danny Green,2019-20
1743,Draymond Green,2019-20
1744,JaMychal Green,2019-20
1745,Javonte Green,2019-20
1746,Jeff Green,2019-20
1747,Blake Griffin,2019-20
1748,Marko Guduric,2019-20
1749,Kyle Guy,2019-20
1750,Rui Hachimura,2019-20
1751,Devon Hall,2019-20
1752,Donta Hall,2019-20
1753,Dusty Hannahs,2019-20
1754,Tim Hardaway Jr.,2019-20
1755,James Harden,2019-20
1756,Maurice Harkless,2019-20
1757,Jared Harper,2019-20
1758,Montrezl Harrell,2019-20
1759,Gary Harris,2019-20
1760,Joe Harris,2019-20
1761,Tobias Harris,2019-20
1762,Shaquille Harrison,2019-20
1763,Josh Hart,2019-20
1764,Isaiah Hartenstein,2019-20
1765,Udonis Haslem,2019-20
1766,Jaxson Hayes,2019-20
1767,Gordon Hayward,2019-20
1768,John Henson,2019-20
1769,Dewan Hernandez,2019-20
1770,Juancho Hernangómez,2019-20
1771,Willy Hernangómez,2019-20
1772,Tyler Herro,2019-20
1773,Kevin Hervey,2019-20
1774,Mario Hezonja,2019-20
1775,Buddy Hield,2019-20
1776,George Hill,2019-20
1777,Solomon Hill,2019-20
1778,Jaylen Hoard,2019-20
1779,Aaron Holiday,2019-20
1780,Jrue Holiday,2019-20
1781,Justin Holiday,2019-20
1782,Rondae Hollis-Jefferson,2019-20
1783,Richaun Holmes,2019-20
1784,Rodney Hood,2019-20
1785,Al Horford,2019-20
1786,Talen Horton-Tucker,2019-20
1787,Danuel House Jr.,2019-20
1788,Dwight Howard,2019-20
1789,William Howard,2019-20
1790,Kevin Huerter,2019-20
1791,De'Andre Hunter,2019-20
1792,Chandler Hutchison,2019-20
1793,Serge Ibaka,2019-20
1794,Andre Iguodala,2019-20
1795,Ersan İlyasova,2019-20
1796,Joe Ingles,2019-20
1797,Brandon Ingram,2019-20
1798,Kyrie Irving,2019-20
1799,Jonathan Isaac,2019-20
1800,Wes Iwundu,2019-20
1801,Frank Jackson,2019-20
1802,Jaren Jackson Jr.,2019-20
1803,Josh Jackson,2019-20
1804,Justin Jackson,2019-20
1805,Reggie Jackson,2019-20
1806,Justin James,2019-20
1807,LeBron James,2019-20
1808,Amile Jefferson,2019-20
1809,DaQuan Jeffries,2019-20
1810,Ty Jerome,2019-20
1811,Alize Johnson,2019-20
1812,B.J. Johnson,2019-20
1813,Cameron Johnson,2019-20
1814,James Johnson,2019-20
1815,Keldon Johnson,2019-20
1816,Stanley Johnson,2019-20
1817,Tyler Johnson,2019-20
1818,Nikola Jokić,2019-20
1819,Damian Jones,2019-20
1820,Derrick Jones Jr.,2019-20
1821,Tyus Jones,2019-20
1822,DeAndre Jordan,2019-20
1823,Cory Joseph,2019-20
1824,Mfiondu Kabengele,2019-20
1825,Frank Kaminsky,2019-20
1826,Luke Kennard,2019-20
1827,Stanton Kidd,2019-20
1828,Michael Kidd-Gilchrist,2019-20
1829,Louis King,2019-20
1830,Maxi Kleber,2019-20
1831,Brandon Knight,2019-20
1832,Kevin Knox,2019-20
1833,John Konchar,2019-20
1834,Furkan Korkmaz,2019-20
1835,Luke Kornet,2019-20
1836,Kyle Korver,2019-20
1837,Rodions Kurucs,2019-20
1838,Kyle Kuzma,2019-20
1839,Skal Labissière,2019-20
1840,Jeremy Lamb,2019-20
1841,Romeo Langford,2019-20
1842,Zach LaVine,2019-20
1843,Vic Law,2019-20
1844,Jake Layman,2019-20
1845,T.J. Leaf,2019-20
1846,Jalen Lecque,2019-20
1847,Courtney Lee,2019-20
1848,Damion Lee,2019-20
1849,Alex Len,2019-20
1850,Kawhi Leonard,2019-20
1851,Meyers Leonard,2019-20
1852,Caris LeVert,2019-20
1853,Damian Lillard,2019-20
1854,Nassir Little,2019-20
1855,Kevon Looney,2019-20
1856,Brook Lopez,2019-20
1857,Robin Lopez,2019-20
1858,Kevin Love,2019-20
1859,Kyle Lowry,2019-20
1860,Timothé Luwawu-Cabarrot,2019-20
1861,Trey Lyles,2019-20
1862,Daryl Macon,2019-20
1863,J.P. Macura,2019-20
1864,Josh Magette,2019-20
1865,Ian Mahinmi,2019-20
1866,Thon Maker,2019-20
1867,Terance Mann,2019-20
1868,Boban Marjanović,2019-20
1869,Lauri Markkanen,2019-20
1870,Caleb Martin,2019-20
1871,Cody Martin,2019-20
1872,Jeremiah Martin,2019-20
1873,Kelan Martin,2019-20
1874,Frank Mason III,2019-20
1875,Garrison Mathews,2019-20
1876,Wesley Matthews,2019-20
1877,Luc Mbah a Moute,2019-20
1878,Patrick McCaw,2019-20
1879,CJ McCollum,2019-20
1880,T.J. McConnell,2019-20
1881,Jalen McDaniels,2019-20
1882,Doug McDermott,2019-20
1883,JaVale McGee,2019-20
1884,Rodney McGruder,2019-20
1885,Alfonzo McKinnie,2019-20
1886,Jordan McLaughlin,2019-20
1887,Ben McLemore,2019-20
1888,Jordan McRae,2019-20
1889,Nicolò Melli,2019-20
1890,De'Anthony Melton,2019-20
1891,Chimezie Metu,2019-20
1892,Khris Middleton,2019-20
1893,Eric Mika,2019-20
1894,C.J. Miles,2019-20
1895,Malcolm Miller,2019-20
1896,Patty Mills,2019-20
1897,Paul Millsap,2019-20
1898,Shake Milton,2019-20
1899,Donovan Mitchell,2019-20
1900,Naz Mitrou-Long,2019-20
1901,Adam Mokoka,2019-20
1902,Malik Monk,2019-20
1903,Matt Mooney,2019-20
1904,E'Twaun Moore,2019-20
1905,Ja Morant,2019-20
1906,Juwan Morgan,2019-20
1907,Marcus Morris,2019-20
1908,Markieff Morris,2019-20
1909,Monte Morris,2019-20
1910,Johnathan Motley,2019-20
1911,Emmanuel Mudiay,2019-20
1912,Mychal Mulder,2019-20
1913,Dejounte Murray,2019-20
1914,Jamal Murray,2019-20
1915,Džanan Musa,2019-20
1916,Mike Muscala,2019-20
1917,Svi Mykhailiuk,2019-20
1918,Abdel Nader,2019-20
1919,Larry Nance Jr.,2019-20
1920,Shabazz Napier,2019-20
1921,Raul Neto,2019-20
1922,Malik Newman,2019-20
1923,Georges Niang,2019-20
1924,Joakim Noah,2019-20
1925,Nerlens Noel,2019-20
1926,Zach Norvell,2019-20
1927,Jaylen Nowell,2019-20
1928,Frank Ntilikina,2019-20
1929,Kendrick Nunn,2019-20
1930,Jusuf Nurkić,2019-20
1931,David Nwaba,2019-20
1932,Royce O'Neale,2019-20
1933,Kyle O'Quinn,2019-20
1934,Semi Ojeleye,2019-20
1935,Jahlil Okafor,2019-20
1936,Elie Okobo,2019-20
1937,Josh Okogie,2019-20
1938,KZ Okpala,2019-20
1939,Victor Oladipo,2019-20
1940,Kelly Olynyk,2019-20
1941,Miye Oni,2019-20
1942,Cedi Osman,2019-20
1943,Kelly Oubre Jr.,2019-20
1944,Tariq Owens,2019-20
1945,Jeremy Pargo,2019-20
1946,Jabari Parker,2019-20
1947,Chandler Parsons,2019-20
1948,Eric Paschall,2019-20
1949,Anžejs Pasečņiks,2019-20
1950,Patrick Patterson,2019-20
1951,Justin Patton,2019-20
1952,Chris Paul,2019-20
1953,Cameron Payne,2019-20
1954,Elfrid Payton,2019-20
1955,Gary Payton II,2019-20
1956,Norvel Pelle,2019-20
1957,Theo Pinson,2019-20
1958,Mason Plumlee,2019-20
1959,Jakob Poeltl,2019-20
1960,Vincent Poirier,2019-20
1961,Shamorie Ponds,2019-20
1962,Jordan Poole,2019-20
1963,Kevin Porter Jr.,2019-20
1964,Michael Porter Jr.,2019-20
1965,Otto Porter Jr.,2019-20
1966,Bobby Portis,2019-20
1967,Kristaps Porziņģis,2019-20
1968,Dwight Powell,2019-20
1969,Norman Powell,2019-20
1970,Taurean Prince,2019-20
1971,Chasson Randle,2019-20
1972,Julius Randle,2019-20
1973,Josh Reaves,2019-20
1974,Cam Reddish,2019-20
1975,J.J. Redick,2019-20
1976,Naz Reid,2019-20
1977,Josh Richardson,2019-20
1978,Austin Rivers,2019-20
1979,Andre Roberson,2019-20
1980,Duncan Robinson,2019-20
1981,Glenn Robinson III,2019-20
1982,Jerome Robinson,2019-20
1983,Justin Robinson,2019-20
1984,Mitchell Robinson,2019-20
1985,Isaiah Roby,2019-20
1986,Rajon Rondo,2019-20
1987,Derrick Rose,2019-20
1988,Terrence Ross,2019-20
1989,Terry Rozier,2019-20
1990,Ricky Rubio,2019-20
1991,D'Angelo Russell,2019-20
1992,Domantas Sabonis,2019-20
1993,Luka Šamanić,2019-20
1994,JaKarr Sampson,2019-20
1995,Dario Šarić,2019-20
1996,Tomáš Satoranský,2019-20
1997,Admiral Schofield,2019-20
1998,Dennis Schröder,2019-20
1999,Mike Scott,2019-20
2000,Thabo Sefolosha,2019-20
2001,Collin Sexton,2019-20
2002,Landry Shamet,2019-20
2003,Marial Shayok,2019-20
2004,Iman Shumpert,2019-20
2005,Pascal Siakam,2019-20
2006,Chris Silva,2019-20
2007,Ben Simmons,2019-20
2008,Anfernee Simons,2019-20
2009,Alen Smailagić,2019-20
2010,Marcus Smart,2019-20
2011,Dennis Smith Jr.,2019-20
2012,Ish Smith,2019-20
2013,J.R. Smith,2019-20
2014,Zhaire Smith,2019-20
2015,Tony Snell,2019-20
2016,Omari Spellman,2019-20
2017,Max Strus,2019-20
2018,Edmond Sumner,2019-20
2019,Caleb Swanigan,2019-20
2020,Jayson Tatum,2019-20
2021,Jeff Teague,2019-20
2022,Garrett Temple,2019-20
2023,Daniel Theis,2019-20
2024,Isaiah Thomas,2019-20
2025,Khyri Thomas,2019-20
2026,Lance Thomas,2019-20
2027,Matt Thomas,2019-20
2028,Tristan Thompson,2019-20
2029,Sindarius Thornwell,2019-20
2030,Matisse Thybulle,2019-20
2031,Anthony Tolliver,2019-20
2032,Juan Toscano-Anderson,2019-20
2033,Karl-Anthony Towns,2019-20
2034,Gary Trent Jr.,2019-20
2035,Allonzo Trier,2019-20
2036,P.J. Tucker,2019-20
2037,Rayjon Tucker,2019-20
2038,Evan Turner,2019-20
2039,Myles Turner,2019-20
2040,Jarrod Uthoff,2019-20
2041,Jonas Valančiūnas,2019-20
2042,Denzel Valentine,2019-20
2043,Jarred Vanderbilt,2019-20
2044,Fred VanVleet,2019-20
2045,Gabe Vincent,2019-20
2046,Noah Vonleh,2019-20
2047,Nikola Vučević,2019-20
2048,Dean Wade,2019-20
2049,Moritz Wagner,2019-20
2050,Dion Waiters,2019-20
2051,Kemba Walker,2019-20
2052,Lonnie Walker IV,2019-20
2053,Tyrone Wallace,2019-20
2054,Derrick Walton,2019-20
2055,Brad Wanamaker,2019-20
2056,T.J. Warren,2019-20
2057,P.J. Washington,2019-20
2058,Yuta Watanabe,2019-20
2059,Tremont Waters,2019-20
2060,Paul Watson,2019-20
2061,Quinndary Weatherspoon,2019-20
2062,Russell Westbrook,2019-20
2063,Coby White,2019-20
2064,Derrick White,2019-20
2065,Hassan Whiteside,2019-20
2066,Andrew Wiggins,2019-20
2067,Grant Williams,2019-20
2068,Johnathan Williams,2019-20
2069,Kenrich Williams,2019-20
2070,Lou Williams,2019-20
2071,Marvin Williams,2019-20
2072,Robert Williams,2019-20
2073,Nigel Williams-Goss,2019-20
2074,Zion Williamson,2019-20
2075,D.J. Wilson,2019-20
2076,Justise Winslow,2019-20
2077,Christian Wood,2019-20
2078,Delon Wright,2019-20
2079,Justin Wright-Foreman,2019-20
2080,Thaddeus Young,2019-20
2081,Trae Young,2019-20
2082,Cody Zeller,2019-20
2083,Tyler Zeller,2019-20
2084,Ante Žižić,2019-20
2085,Ivica Zubac,2019-20
2086,Precious Achiuwa,2020-21
2087,Jaylen Adams,2020-21
2088,Steven Adams,2020-21
2089,Bam Adebayo,2020-21
2090,LaMarcus Aldridge,2020-21
2091,Ty-Shon Alexander,2020-21
2092,Nickeil Alexander-Walker,2020-21
2093,Grayson Allen,2020-21
2094,Jarrett Allen,2020-21
2095,Al-Farouq Aminu,2020-21
2096,Kyle Anderson,2020-21
2097,Giannis Antetokounmpo,2020-21
2098,Kostas Antetokounmpo,2020-21
2099,Thanasis Antetokounmpo,2020-21
2100,Carmelo Anthony,2020-21
2101,Cole Anthony,2020-21
2102,OG Anunoby,2020-21
2103,Ryan Arcidiacono,2020-21
2104,Trevor Ariza,2020-21
2105,D.J. Augustin,2020-21
2106,Deni Avdija,2020-21
2107,Deandre Ayton,2020-21
2108,Udoka Azubuike,2020-21
2109,Dwayne Bacon,2020-21
2110,Marvin Bagley III,2020-21
2111,LaMelo Ball,2020-21
2112,Lonzo Ball,2020-21
2113,Mo Bamba,2020-21
2114,Desmond Bane,2020-21
2115,Harrison Barnes,2020-21
2116,RJ Barrett,2020-21
2117,Will Barton,2020-21
2118,Keita Bates-Diop,2020-21
2119,Nicolas Batum,2020-21
2120,Aron Baynes,2020-21
2121,Kent Bazemore,2020-21
2122,Darius Bazley,2020-21
2123,Bradley Beal,2020-21
2124,Malik Beasley,2020-21
2125,Jordan Bell,2020-21
2126,DeAndre' Bembry,2020-21
2127,Dāvis Bertāns,2020-21
2128,Patrick Beverley,2020-21
2129,Saddiq Bey,2020-21
2130,Tyler Bey,2020-21
2131,Khem Birch,2020-21
2132,Goga Bitadze,2020-21
2133,Bismack Biyombo,2020-21
2134,Nemanja Bjelica,2020-21
2135,Eric Bledsoe,2020-21
2136,Keljin Blevins,2020-21
2137,Bogdan Bogdanović,2020-21
2138,Bojan Bogdanović,2020-21
2139,Bol Bol,2020-21
2140,Marques Bolden,2020-21
2141,Jordan Bone,2020-21
2142,Isaac Bonga,2020-21
2143,Devin Booker,2020-21
2144,Chris Boucher,2020-21
2145,Brian Bowen,2020-21
2146,Avery Bradley,2020-21
2147,Tony Bradley,2020-21
2148,Jarrell Brantley,2020-21
2149,Ignas Brazdeikis,2020-21
2150,Mikal Bridges,2020-21
2151,Miles Bridges,2020-21
2152,Amida Brimah,2020-21
2153,Oshae Brissett,2020-21
2154,Malcolm Brogdon,2020-21
2155,Armoni Brooks,2020-21
2156,Dillon Brooks,2020-21
2157,Bruce Brown,2020-21
2158,Charlie Brown Jr.,2020-21
2159,Jaylen Brown,2020-21
2160,Moses Brown,2020-21
2161,Sterling Brown,2020-21
2162,Troy Brown Jr.,2020-21
2163,Jalen Brunson,2020-21
2164,Elijah Bryant,2020-21
2165,Thomas Bryant,2020-21
2166,Reggie Bullock,2020-21
2167,Trey Burke,2020-21
2168,Alec Burks,2020-21
2169,Jimmy Butler,2020-21
2170,Bruno Caboclo,2020-21
2171,Devontae Cacok,2020-21
2172,Kentavious Caldwell-Pope,2020-21
2173,Facundo Campazzo,2020-21
2174,Vlatko Čančar,2020-21
2175,Devin Cannady,2020-21
2176,Clint Capela,2020-21
2177,Vernon Carey Jr.,2020-21
2178,Jevon Carter,2020-21
2179,Wendell Carter Jr.,2020-21
2180,Michael Carter-Williams,2020-21
2181,Alex Caruso,2020-21
2182,Willie Cauley-Stein,2020-21
2183,Chris Chiozza,2020-21
2184,Marquese Chriss,2020-21
2185,Gary Clark,2020-21
2186,Brandon Clarke,2020-21
2187,Jordan Clarkson,2020-21
2188,Nic Claxton,2020-21
2189,Amir Coffey,2020-21
2190,John Collins,2020-21
2191,Mike Conley,2020-21
2192,Pat Connaughton,2020-21
2193,Quinn Cook,2020-21
2194,Tyler Cook,2020-21
2195,DeMarcus Cousins,2020-21
2196,Robert Covington,2020-21
2197,Torrey Craig,2020-21
2198,Jae Crowder,2020-21
2199,Jarrett Culver,2020-21
2200,Seth Curry,2020-21
2201,Stephen Curry,2020-21
2202,Nate Darling,2020-21
2203,Anthony Davis,2020-21
2204,Ed Davis,2020-21
2205,Terence Davis,2020-21
2206,Gabriel Deck,2020-21
2207,Dewayne Dedmon,2020-21
2208,Matthew Dellavedova,2020-21
2209,DeMar DeRozan,2020-21
2210,Mamadi Diakite,2020-21
2211,Hamidou Diallo,2020-21
2212,Gorgui Dieng,2020-21
2213,Spencer Dinwiddie,2020-21
2214,Donte DiVincenzo,2020-21
2215,Luka Dončić,2020-21
2216,Luguentz Dort,2020-21
2217,Damyean Dotson,2020-21
2218,Devon Dotson,2020-21
2219,Sekou Doumbouya,2020-21
2220,PJ Dozier,2020-21
2221,Goran Dragić,2020-21
2222,Andre Drummond,2020-21
2223,Jared Dudley,2020-21
2224,Kris Dunn,2020-21
2225,Kevin Durant,2020-21
2226,Anthony Edwards,2020-21
2227,Carsen Edwards,2020-21
2228,CJ Elleby,2020-21
2229,Henry Ellenson,2020-21
2230,Wayne Ellington,2020-21
2231,Joel Embiid,2020-21
2232,James Ennis III,2020-21
2233,Drew Eubanks,2020-21
2234,Dante Exum,2020-21
2235,Tacko Fall,2020-21
2236,Derrick Favors,2020-21
2237,Cristiano Felício,2020-21
2238,Terrance Ferguson,2020-21
2239,Bruno Fernando,2020-21
2240,Yogi Ferrell,2020-21
2241,Dorian Finney-Smith,2020-21
2242,Malik Fitts,2020-21
2243,Malachi Flynn,2020-21
2244,Bryn Forbes,2020-21
2245,Trent Forrest,2020-21
2246,Evan Fournier,2020-21
2247,De'Aaron Fox,2020-21
2248,Robert Franks,2020-21
2249,Tim Frazier,2020-21
2250,Enes Freedom,2020-21
2251,Markelle Fultz,2020-21
2252,Wenyen Gabriel,2020-21
2253,Daniel Gafford,2020-21
2254,Danilo Gallinari,2020-21
2255,Langston Galloway,2020-21
2256,Darius Garland,2020-21
2257,Marc Gasol,2020-21
2258,Rudy Gay,2020-21
2259,Paul George,2020-21
2260,Taj Gibson,2020-21
2261,Harry Giles,2020-21
2262,Shai Gilgeous-Alexander,2020-21
2263,Anthony Gill,2020-21
2264,Freddie Gillespie,2020-21
2265,Rudy Gobert,2020-21
2266,Brandon Goodwin,2020-21
2267,Aaron Gordon,2020-21
2268,Eric Gordon,2020-21
2269,Devonte' Graham,2020-21
2270,Jerami Grant,2020-21
2271,Danny Green,2020-21
2272,Draymond Green,2020-21
2273,JaMychal Green,2020-21
2274,Javonte Green,2020-21
2275,Jeff Green,2020-21
2276,Josh Green,2020-21
2277,Blake Griffin,2020-21
2278,Kyle Guy,2020-21
2279,Rui Hachimura,2020-21
2280,Ashton Hagans,2020-21
2281,Tyrese Haliburton,2020-21
2282,Donta Hall,2020-21
2283,Josh Hall,2020-21
2284,R.J. Hampton,2020-21
2285,Tim Hardaway Jr.,2020-21
2286,James Harden,2020-21
2287,Maurice Harkless,2020-21
2288,Jared Harper,2020-21
2289,Montrezl Harrell,2020-21
2290,Gary Harris,2020-21
2291,Jalen Harris,2020-21
2292,Joe Harris,2020-21
2293,Tobias Harris,2020-21
2294,Shaquille Harrison,2020-21
2295,Josh Hart,2020-21
2296,Isaiah Hartenstein,2020-21
2297,Udonis Haslem,2020-21
2298,Jaxson Hayes,2020-21
2299,Killian Hayes,2020-21
2300,Gordon Hayward,2020-21
2301,Juancho Hernangómez,2020-21
2302,Willy Hernangómez,2020-21
2303,Tyler Herro,2020-21
2304,Buddy Hield,2020-21
2305,George Hill,2020-21
2306,Solomon Hill,2020-21
2307,Nate Hinton,2020-21
2308,Jaylen Hoard,2020-21
2309,Aaron Holiday,2020-21
2310,Jrue Holiday,2020-21
2311,Justin Holiday,2020-21
2312,Rondae Hollis-Jefferson,2020-21
2313,Richaun Holmes,2020-21
2314,Rodney Hood,2020-21
2315,Al Horford,2020-21
2316,Talen Horton-Tucker,2020-21
2317,Danuel House Jr.,2020-21
2318,Dwight Howard,2020-21
2319,Markus Howard,2020-21
2320,Kevin Huerter,2020-21
2321,Elijah Hughes,2020-21
2322,De'Andre Hunter,2020-21
2323,Chandler Hutchison,2020-21
2324,Serge Ibaka,2020-21
2325,Andre Iguodala,2020-21
2326,Ersan İlyasova,2020-21
2327,Joe Ingles,2020-21
2328,Brandon Ingram,2020-21
2329,Kyrie Irving,2020-21
2330,Wes Iwundu,2020-21
2331,Frank Jackson,2020-21
2332,Jaren Jackson Jr.,2020-21
2333,Josh Jackson,2020-21
2334,Justin Jackson,2020-21
2335,Reggie Jackson,2020-21
2336,Justin James,2020-21
2337,LeBron James,2020-21
2338,Mike James,2020-21
2339,DaQuan Jeffries,2020-21
2340,Ty Jerome,2020-21
2341,Isaiah Joe,2020-21
2342,Alize Johnson,2020-21
2343,Cameron Johnson,2020-21
2344,James Johnson,2020-21
2345,Keldon Johnson,2020-21
2346,Stanley Johnson,2020-21
2347,Tyler Johnson,2020-21
2348,Nikola Jokić,2020-21
2349,Damian Jones,2020-21
2350,Derrick Jones Jr.,2020-21
2351,Mason Jones,2020-21
2352,Tre Jones,2020-21
2353,Tyus Jones,2020-21
2354,DeAndre Jordan,2020-21
2355,Cory Joseph,2020-21
2356,Mfiondu Kabengele,2020-21
2357,Frank Kaminsky,2020-21
2358,Luke Kennard,2020-21
2359,Louis King,2020-21
2360,Maxi Kleber,2020-21
2361,Nathan Knight,2020-21
2362,Kevin Knox,2020-21
2363,John Konchar,2020-21
2364,Furkan Korkmaz,2020-21
2365,Luke Kornet,2020-21
2366,Rodions Kurucs,2020-21
2367,Kyle Kuzma,2020-21
2368,Anthony Lamb,2020-21
2369,Jeremy Lamb,2020-21
2370,Romeo Langford,2020-21
2371,Zach LaVine,2020-21
2372,Jake Layman,2020-21
2373,T.J. Leaf,2020-21
2374,Jalen Lecque,2020-21
2375,Damion Lee,2020-21
2376,Saben Lee,2020-21
2377,Alex Len,2020-21
2378,Kawhi Leonard,2020-21
2379,Meyers Leonard,2020-21
2380,Caris LeVert,2020-21
2381,Kira Lewis Jr.,2020-21
2382,Damian Lillard,2020-21
2383,Nassir Little,2020-21
2384,Kevon Looney,2020-21
2385,Brook Lopez,2020-21
2386,Robin Lopez,2020-21
2387,Didi Louzada,2020-21
2388,Kevin Love,2020-21
2389,Kyle Lowry,2020-21
2390,Timothé Luwawu-Cabarrot,2020-21
2391,Trey Lyles,2020-21
2392,Will Magnay,2020-21
2393,Thon Maker,2020-21
2394,Théo Maledon,2020-21
2395,Karim Mané,2020-21
2396,Terance Mann,2020-21
2397,Nico Mannion,2020-21
2398,Boban Marjanović,2020-21
2399,Lauri Markkanen,2020-21
2400,Naji Marshall,2020-21
2401,Caleb Martin,2020-21
2402,Cody Martin,2020-21
2403,Jeremiah Martin,2020-21
2404,Kelan Martin,2020-21
2405,Kenyon Martin Jr.,2020-21
2406,Frank Mason III,2020-21
2407,Garrison Mathews,2020-21
2408,Dakota Mathias,2020-21
2409,Wesley Matthews,2020-21
2410,Tyrese Maxey,2020-21
2411,Skylar Mays,2020-21
2412,Patrick McCaw,2020-21
2413,CJ McCollum,2020-21
2414,T.J. McConnell,2020-21
2415,Jaden McDaniels,2020-21
2416,Jalen McDaniels,2020-21
2417,Doug McDermott,2020-21
2418,Sean McDermott,2020-21
2419,JaVale McGee,2020-21
2420,Rodney McGruder,2020-21
2421,Alfonzo McKinnie,2020-21
2422,Jordan McLaughlin,2020-21
2423,Ben McLemore,2020-21
2424,Nicolò Melli,2020-21
2425,De'Anthony Melton,2020-21
2426,Sam Merrill,2020-21
2427,Chimezie Metu,2020-21
2428,Khris Middleton,2020-21
2429,Darius Miller,2020-21
2430,Patty Mills,2020-21
2431,Paul Millsap,2020-21
2432,Shake Milton,2020-21
2433,Donovan Mitchell,2020-21
2434,Adam Mokoka,2020-21
2435,Malik Monk,2020-21
2436,E'Twaun Moore,2020-21
2437,Ja Morant,2020-21
2438,Juwan Morgan,2020-21
2439,Marcus Morris,2020-21
2440,Markieff Morris,2020-21
2441,Monte Morris,2020-21
2442,Mychal Mulder,2020-21
2443,Dejounte Murray,2020-21
2444,Jamal Murray,2020-21
2445,Mike Muscala,2020-21
2446,Svi Mykhailiuk,2020-21
2447,Abdel Nader,2020-21
2448,Larry Nance Jr.,2020-21
2449,Aaron Nesmith,2020-21
2450,Raul Neto,2020-21
2451,Georges Niang,2020-21
2452,Zeke Nnaji,2020-21
2453,Nerlens Noel,2020-21
2454,Jaylen Nowell,2020-21
2455,Frank Ntilikina,2020-21
2456,Kendrick Nunn,2020-21
2457,James Nunnally,2020-21
2458,Jusuf Nurkić,2020-21
2459,David Nwaba,2020-21
2460,Jordan Nwora,2020-21
2461,Royce O'Neale,2020-21
2462,Semi Ojeleye,2020-21
2463,Jahlil Okafor,2020-21
2464,Chuma Okeke,2020-21
2465,Josh Okogie,2020-21
2466,Onyeka Okongwu,2020-21
2467,Isaac Okoro,2020-21
2468,KZ Okpala,2020-21
2469,Victor Oladipo,2020-21
2470,Cameron Oliver,2020-21
2471,Kelly Olynyk,2020-21
2472,Miye Oni,2020-21
2473,Cedi Osman,2020-21
2474,Daniel Oturu,2020-21
2475,Kelly Oubre Jr.,2020-21
2476,Jabari Parker,2020-21
2477,Eric Paschall,2020-21
2478,Anžejs Pasečņiks,2020-21
2479,Patrick Patterson,2020-21
2480,Justin Patton,2020-21
2481,Chris Paul,2020-21
2482,Cameron Payne,2020-21
2483,Elfrid Payton,2020-21
2484,Gary Payton II,2020-21
2485,Norvel Pelle,2020-21
2486,Reggie Perry,2020-21
2487,Theo Pinson,2020-21
2488,Mason Plumlee,2020-21
2489,Jakob Poeltl,2020-21
2490,Vincent Poirier,2020-21
2491,Aleksej Pokusevski,2020-21
2492,Jordan Poole,2020-21
2493,Jontay Porter,2020-21
2494,Kevin Porter Jr.,2020-21
2495,Michael Porter Jr.,2020-21
2496,Otto Porter Jr.,2020-21
2497,Bobby Portis,2020-21
2498,Kristaps Porziņģis,2020-21
2499,Dwight Powell,2020-21
2500,Norman Powell,2020-21
2501,Taurean Prince,2020-21
2502,Payton Pritchard,2020-21
2503,Immanuel Quickley,2020-21
2504,Jahmi'us Ramsey,2020-21
2505,Chasson Randle,2020-21
2506,Julius Randle,2020-21
2507,Cam Reddish,2020-21
2508,J.J. Redick,2020-21
2509,Paul Reed,2020-21
2510,Naz Reid,2020-21
2511,Cameron Reynolds,2020-21
2512,Nick Richards,2020-21
2513,Josh Richardson,2020-21
2514,Grant Riller,2020-21
2515,Austin Rivers,2020-21
2516,Andre Roberson,2020-21
2517,Duncan Robinson,2020-21
2518,Glenn Robinson III,2020-21
2519,Jerome Robinson,2020-21
2520,Justin Robinson,2020-21
2521,Mitchell Robinson,2020-21
2522,Isaiah Roby,2020-21
2523,Rajon Rondo,2020-21
2524,Derrick Rose,2020-21
2525,Terrence Ross,2020-21
2526,Terry Rozier,2020-21
2527,Ricky Rubio,2020-21
2528,D'Angelo Russell,2020-21
2529,Domantas Sabonis,2020-21
2530,Luka Šamanić,2020-21
2531,JaKarr Sampson,2020-21
2532,Dario Šarić,2020-21
2533,Tomáš Satoranský,2020-21
2534,Dennis Schröder,2020-21
2535,Mike Scott,2020-21
2536,Jay Scrubb,2020-21
2537,Collin Sexton,2020-21
2538,Landry Shamet,2020-21
2539,Iman Shumpert,2020-21
2540,Pascal Siakam,2020-21
2541,Chris Silva,2020-21
2542,Ben Simmons,2020-21
2543,Anfernee Simons,2020-21
2544,Deividas Sirvydis,2020-21
2545,Alen Smailagić,2020-21
2546,Marcus Smart,2020-21
2547,Dennis Smith Jr.,2020-21
2548,Ish Smith,2020-21
2549,Jalen Smith,2020-21
2550,Tony Snell,2020-21
2551,Ray Spalding,2020-21
2552,Cassius Stanley,2020-21
2553,Lamar Stevens,2020-21
2554,Isaiah Stewart,2020-21
2555,Max Strus,2020-21
2556,Edmond Sumner,2020-21
2557,Jae'Sean Tate,2020-21
2558,Jayson Tatum,2020-21
2559,Jeff Teague,2020-21
2560,Garrett Temple,2020-21
2561,Tyrell Terry,2020-21
2562,Daniel Theis,2020-21
2563,Brodric Thomas,2020-21
2564,Isaiah Thomas,2020-21
2565,Khyri Thomas,2020-21
2566,Matt Thomas,2020-21
2567,Tristan Thompson,2020-21
2568,Sindarius Thornwell,2020-21
2569,Matisse Thybulle,2020-21
2570,Killian Tillie,2020-21
2571,Xavier Tillman Sr.,2020-21
2572,Anthony Tolliver,2020-21
2573,Obi Toppin,2020-21
2574,Juan Toscano-Anderson,2020-21
2575,Axel Toupane,2020-21
2576,Karl-Anthony Towns,2020-21
2577,Gary Trent Jr.,2020-21
2578,P.J. Tucker,2020-21
2579,Rayjon Tucker,2020-21
2580,Myles Turner,2020-21
2581,Jonas Valančiūnas,2020-21
2582,Denzel Valentine,2020-21
2583,Jarred Vanderbilt,2020-21
2584,Fred VanVleet,2020-21
2585,Anderson Varejão,2020-21
2586,Devin Vassell,2020-21
2587,Gabe Vincent,2020-21
2588,Noah Vonleh,2020-21
2589,Nikola Vučević,2020-21
2590,Dean Wade,2020-21
2591,Moritz Wagner,2020-21
2592,Kemba Walker,2020-21
2593,Lonnie Walker IV,2020-21
2594,John Wall,2020-21
2595,Brad Wanamaker,2020-21
2596,T.J. Warren,2020-21
2597,P.J. Washington,2020-21
2598,Yuta Watanabe,2020-21
2599,Tremont Waters,2020-21
2600,Paul Watson,2020-21
2601,Quinndary Weatherspoon,2020-21
2602,Russell Westbrook,2020-21
2603,Coby White,2020-21
2604,Derrick White,2020-21
2605,Hassan Whiteside,2020-21
2606,Greg Whittington,2020-21
2607,Andrew Wiggins,2020-21
2608,Grant Williams,2020-21
2609,Kenrich Williams,2020-21
2610,Lou Williams,2020-21
2611,Patrick Williams,2020-21
2612,Robert Williams,2020-21
2613,Zion Williamson,2020-21
2614,D.J. Wilson,2020-21
2615,Dylan Windler,2020-21
2616,Justise Winslow,2020-21
2617,Cassius Winston,2020-21
2618,James Wiseman,2020-21
2619,Christian Wood,2020-21
2620,Robert Woodard II,2020-21
2621,Delon Wright,2020-21
2622,Thaddeus Young,2020-21
2623,Trae Young,2020-21
2624,Cody Zeller,2020-21
2625,Ivica Zubac,2020-21