ID,Player
1,Álex Abrines
2,Quincy Acy
3,Steven Adams
4,Arron Afflalo
5,Alexis Ajinça
6,Cole Aldrich
7,LaMarcus Aldridge
8,Lavoy Allen
9,Tony Allen
10,Al-Farouq Aminu
11,Chris Andersen
12,Alan Anderson
13,Justin Anderson
14,Kyle Anderson
15,Ryan Anderson
16,Giannis Antetokounmpo
17,Carmelo Anthony
18,Joel Anthony
19,Trevor Ariza
20,Darrell Arthur
21,Ömer Aşık
22,D.J. Augustin
23,Luke Babbitt
24,Ron Baker
25,Wade Baldwin
26,Leandro Barbosa
27,J.J. Barea
28,Harrison Barnes
29,Matt Barnes
30,Will Barton
31,Brandon Bass
32,Nicolas Batum
33,Jerryd Bayless
34,Aron Baynes
35,Kent Bazemore
36,Bradley Beal
37,Malik Beasley
38,Michael Beasley
39,Marco Belinelli
40,DeAndre' Bembry
41,Dragan Bender
42,Anthony Bennett
43,Ben Bentil
44,Dāvis Bertāns
45,Patrick Beverley
46,Bismack Biyombo
47,Nemanja Bjelica
48,Tarik Black
49,Eric Bledsoe
50,Bojan Bogdanović
51,Andrew Bogut
52,Joel Bolomboy
53,Devin Booker
54,Trevor Booker
55,Avery Bradley
56,Corey Brewer
57,Malcolm Brogdon
58,Aaron Brooks
59,Anthony Brown
60,Bobby Brown
61,Jaylen Brown
62,Nicolás Brussino
63,Reggie Bullock
64,Trey Burke
65,Alec Burks
66,Jimmy Butler
67,Bruno Caboclo
68,José Calderón
69,Kentavious Caldwell-Pope
70,Isaiah Canaan
71,Clint Capela
72,DeMarre Carroll
73,Vince Carter
74,Michael Carter-Williams
75,Omri Casspi
76,Willie Cauley-Stein
77,Tyson Chandler
78,Wilson Chandler
79,Marquese Chriss
80,Rakeem Christmas
81,Semaj Christon
82,Ian Clark
83,Jordan Clarkson
84,Norris Cole
85,Darren Collison
86,Nick Collison
87,Mike Conley
88,Pat Connaughton
89,Quinn Cook
90,DeMarcus Cousins
91,Robert Covington
92,Allen Crabbe
93,Jamal Crawford
94,Jordan Crawford
95,Jae Crowder
96,Dante Cunningham
97,Seth Curry
98,Stephen Curry
99,Troy Daniels
100,Anthony Davis
101,Deyonta Davis
102,Ed Davis
103,Dewayne Dedmon
104,Sam Dekker
105,Malcolm Delaney
106,Matthew Dellavedova
107,Luol Deng
108,DeMar DeRozan
109,Cheick Diallo
110,Boris Diaw
111,Gorgui Dieng
112,Spencer Dinwiddie
113,Toney Douglas
114,Goran Dragić
115,Andre Drummond
116,Jared Dudley
117,Mike Dunleavy
118,Kris Dunn
119,Kevin Durant
120,Jarell Eddie
121,Henry Ellenson
122,Wayne Ellington
123,Monta Ellis
124,Joel Embiid
125,James Ennis III
126,Tyler Ennis
127,Tyreke Evans
128,Dante Exum
129,Kenneth Faried
130,Jordan Farmar
131,Derrick Favors
132,Kay Felder
133,Cristiano Felício
134,Raymond Felton
135,Yogi Ferrell
136,Dorian Finney-Smith
137,Bryn Forbes
138,Evan Fournier
139,Randy Foye
140,Tim Frazier
141,Enes Freedom
142,Channing Frye
143,Danilo Gallinari
144,Langston Galloway
145,Patricio Garino
146,Marc Gasol
147,Pau Gasol
148,Rudy Gay
149,Michael Gbinije
150,Alonzo Gee
151,Paul George
152,Marcus Georges-Hunt
153,Jonathan Gibson
154,Taj Gibson
155,Manu Ginóbili
156,Rudy Gobert
157,Archie Goodwin
158,Aaron Gordon
159,Eric Gordon
160,Marcin Gortat
161,Treveon Graham
162,Jerami Grant
163,Jerian Grant
164,Danny Green
165,Draymond Green
166,Gerald Green
167,JaMychal Green
168,Jeff Green
169,Blake Griffin
170,Justin Hamilton
171,A.J. Hammons
172,Tim Hardaway Jr.
173,James Harden
174,Maurice Harkless
175,Justin Harper
176,Montrezl Harrell
177,Devin Harris
178,Gary Harris
179,Joe Harris
180,Manny Harris
181,Tobias Harris
182,Aaron Harrison
183,Andrew Harrison
184,Udonis Haslem
185,Spencer Hawes
186,Gordon Hayward
187,Gerald Henderson
188,John Henson
189,Juancho Hernangómez
190,Willy Hernangómez
191,Mario Hezonja
192,Roy Hibbert
193,Buddy Hield
194,Nenê
195,George Hill
196,Jordan Hill
197,Solomon Hill
198,Darrun Hilliard
199,Jrue Holiday
200,Justin Holiday
201,Rondae Hollis-Jefferson
202,Richaun Holmes
203,Rodney Hood
204,Al Horford
205,Danuel House Jr.
206,Dwight Howard
207,Marcelo Huertas
208,Josh Huestis
209,Kris Humphries
210,R.J. Hunter
211,Serge Ibaka
212,Andre Iguodala
213,Ersan İlyasova
214,Joe Ingles
215,Brandon Ingram
216,Kyrie Irving
217,Jarrett Jack
218,Demetrius Jackson
219,Pierre Jackson
220,Reggie Jackson
221,LeBron James
222,Al Jefferson
223,Richard Jefferson
224,John Jenkins
225,Brandon Jennings
226,Jonas Jerebko
227,Amir Johnson
228,Brice Johnson
229,James Johnson
230,Joe Johnson
231,Stanley Johnson
232,Tyler Johnson
233,Wesley Johnson
234,Nikola Jokić
235,Dahntay Jones
236,Damian Jones
237,Derrick Jones Jr.
238,James Jones
239,Terrence Jones
240,Tyus Jones
241,DeAndre Jordan
242,Cory Joseph
243,Frank Kaminsky
244,Ryan Kelly
245,Michael Kidd-Gilchrist
246,Sean Kilpatrick
247,Brandon Knight
248,Kyle Korver
249,Kosta Koufos
250,Mindaugas Kuzminskas
251,Skal Labissière
252,Jeremy Lamb
253,Nicolás Laprovíttola
254,Joffrey Lauvergne
255,Zach LaVine
256,Ty Lawson
257,Jake Layman
258,Courtney Lee
259,David Lee
260,Alex Len
261,Kawhi Leonard
262,Meyers Leonard
263,Jon Leuer
264,Caris LeVert
265,DeAndre Liggins
266,Damian Lillard
267,Jeremy Lin
268,Shaun Livingston
269,Shawn Long
270,Kevon Looney
271,Brook Lopez
272,Robin Lopez
273,Kevin Love
274,Kyle Lowry
275,John Lucas III
276,Timothé Luwawu-Cabarrot
277,Trey Lyles
278,Sheldon Mac
279,Shelvin Mack
280,Ian Mahinmi
281,Thon Maker
282,Boban Marjanović
283,Jarell Martin
284,Wesley Matthews
285,Luc Mbah a Moute
286,James Michael McAdoo
287,Patrick McCaw
288,CJ McCollum
289,T.J. McConnell
290,Chris McCullough
291,K.J. McDaniels
292,Doug McDermott
293,JaVale McGee
294,Rodney McGruder
295,Ben McLemore
296,Jordan McRae
297,Josh McRoberts
298,Jodie Meeks
299,Salah Mejri
300,Jordan Mickey
301,Khris Middleton
302,C.J. Miles
303,Mike Miller
304,Patty Mills
305,Elijah Millsap
306,Paul Millsap
307,Nikola Mirotić
308,Greg Monroe
309,E'Twaun Moore
310,Marcus Morris
311,Markieff Morris
312,Anthony Morrow
313,Donatas Motiejūnas
314,Timofey Mozgov
315,Emmanuel Mudiay
316,Shabazz Muhammad
317,Dejounte Murray
318,Jamal Murray
319,Mike Muscala
320,Larry Nance Jr.
321,Shabazz Napier
322,Maurice Ndour
323,Gary Neal
324,Jameer Nelson
325,Raul Neto
326,Georges Niang
327,Andrew Nicholson
328,Joakim Noah
329,Nerlens Noel
330,Lucas Nogueira
331,Steve Novak
332,Dirk Nowitzki
333,Jusuf Nurkić
334,David Nwaba
335,Johnny O'Bryant
336,Kyle O'Quinn
337,Daniel Ochefu
338,Jahlil Okafor
339,Victor Oladipo
340,Kelly Olynyk
341,Arinze Onuaku
342,Chinanu Onuaku
343,Kelly Oubre Jr.
344,Zaza Pachulia
345,Georgios Papagiannis
346,Jabari Parker
347,Tony Parker
348,Chandler Parsons
349,Lamar Patterson
350,Patrick Patterson
351,Chris Paul
352,Adreian Payne
353,Cameron Payne
354,Elfrid Payton
355,Gary Payton II
356,Paul Pierce*
357,Marshall Plumlee
358,Mason Plumlee
359,Miles Plumlee
360,Jakob Poeltl
361,Otto Porter Jr.
362,Bobby Portis
363,Kristaps Porziņģis
364,Dwight Powell
365,Norman Powell
366,Alex Poythress
367,Ronnie Price
368,Taurean Prince
369,Tim Quarterman
370,Chasson Randle
371,Julius Randle
372,Zach Randolph
373,J.J. Redick
374,Willie Reed
375,Josh Richardson
376,Malachi Richardson
377,Austin Rivers
378,Andre Roberson
379,Brian Roberts
380,Glenn Robinson III
381,Thomas Robinson
382,Sergio Rodríguez
383,Rajon Rondo
384,Derrick Rose
385,Terrence Ross
386,Terry Rozier
387,Ricky Rubio
388,Damjan Rudež
389,Brandon Rush
390,D'Angelo Russell
391,Domantas Sabonis
392,Larry Sanders
393,Dario Šarić
394,Tomáš Satoranský
395,Dennis Schröder
396,Luis Scola
397,Mike Scott
398,Thabo Sefolosha
399,Wayne Selden
400,Kevin Séraphin
401,Ramon Sessions
402,Iman Shumpert
403,Pascal Siakam
404,Jonathon Simmons
405,Kyle Singler
406,Marcus Smart
407,Ish Smith
408,J.R. Smith
409,Jason Smith
410,Tony Snell
411,Marreese Speights
412,Tiago Splitter
413,Nik Stauskas
414,Lance Stephenson
415,Jarnell Stokes
416,Diamond Stone
417,Rodney Stuckey
418,Jared Sullinger
419,Edy Tavares
420,Isaiah Taylor
421,Jeff Teague
422,Mirza Teletović
423,Garrett Temple
424,Jason Terry
425,Isaiah Thomas
426,Lance Thomas
427,Hollis Thompson
428,Klay Thompson
429,Tristan Thompson
430,Marcus Thornton
431,Mike Tobey
432,Anthony Tolliver
433,Axel Toupane
434,Karl-Anthony Towns
435,P.J. Tucker
436,Evan Turner
437,Myles Turner
438,Beno Udrih
439,Tyler Ulis
440,Jarrod Uthoff
441,Jonas Valančiūnas
442,Denzel Valentine
443,Fred VanVleet
444,Anderson Varejão
445,Greivis Vásquez
446,Rashad Vaughn
447,Noah Vonleh
448,Nikola Vučević
449,Sasha Vujačić
450,Dwyane Wade
451,Dion Waiters
452,Kemba Walker
453,John Wall
454,T.J. Warren
455,C.J. Watson
456,Briante Weber
457,David West
458,Russell Westbrook
459,Okaro White
460,Isaiah Whitehead
461,Hassan Whiteside
462,Andrew Wiggins
463,C.J. Wilcox
464,Alan Williams
465,Deron Williams
466,Derrick Williams
467,Lou Williams
468,Marvin Williams
469,Reggie Williams
470,Troy Williams
471,Kyle Wiltjer
472,Justise Winslow
473,Jeff Withey
474,Christian Wood
475,Metta World Peace
476,Brandan Wright
477,Delon Wright
478,James Young
479,Joe Young
480,Nick Young
481,Thaddeus Young
482,Cody Zeller
483,Tyler Zeller
484,Stephen Zimmerman
485,Paul Zipser
486,Ivica Zubac
487,Álex Abrines
488,Quincy Acy
489,Steven Adams
490,Bam Adebayo
491,Arron Afflalo
492,Cole Aldrich
493,LaMarcus Aldridge
494,Jarrett Allen
495,Kadeem Allen
496,Tony Allen
497,Al-Farouq Aminu
498,Justin Anderson
499,Kyle Anderson
500,Ryan Anderson
501,Ike Anigbogu
502,Giannis Antetokounmpo
503,Carmelo Anthony
504,OG Anunoby
505,Ryan Arcidiacono
506,Trevor Ariza
507,Darrell Arthur
508,Jamel Artis
509,Ömer Aşık
510,D.J. Augustin
511,Luke Babbitt
512,Dwayne Bacon
513,Ron Baker
514,Wade Baldwin
515,Lonzo Ball
516,J.J. Barea
517,Harrison Barnes
518,Will Barton
519,Nicolas Batum
520,Jerryd Bayless
521,Aron Baynes
522,Kent Bazemore
523,Bradley Beal
524,Malik Beasley
525,Michael Beasley
526,Marco Belinelli
527,Jordan Bell
528,DeAndre' Bembry
529,Dragan Bender
530,Dāvis Bertāns
531,Patrick Beverley
532,Khem Birch
533,Jabari Bird
534,Bismack Biyombo
535,Nemanja Bjelica
536,Tarik Black
537,Antonio Blakeney
538,Eric Bledsoe
539,Vander Blue
540,Bogdan Bogdanović
541,Bojan Bogdanović
542,Andrew Bogut
543,Joel Bolomboy
544,Devin Booker
545,Trevor Booker
546,Chris Boucher
547,Avery Bradley
548,Tony Bradley
549,Corey Brewer
550,Malcolm Brogdon
551,Aaron Brooks
552,Dillon Brooks
553,MarShon Brooks
554,Anthony Brown
555,Bobby Brown
556,Jaylen Brown
557,Lorenzo Brown
558,Markel Brown
559,Sterling Brown
560,Nicolás Brussino
561,Thomas Bryant
562,Reggie Bullock
563,Trey Burke
564,Alec Burks
565,Jimmy Butler
566,Dwight Buycks
567,Bruno Caboclo
568,José Calderón
569,Kentavious Caldwell-Pope
570,Isaiah Canaan
571,Clint Capela
572,DeMarre Carroll
573,Vince Carter
574,Michael Carter-Williams
575,Alex Caruso
576,Omri Casspi
577,Willie Cauley-Stein
578,Tyler Cavanaugh
579,Mario Chalmers
580,Tyson Chandler
581,Wilson Chandler
582,Marquese Chriss
583,Ian Clark
584,Jordan Clarkson
585,Gian Clavell
586,Antonius Cleveland
587,John Collins
588,Zach Collins
589,Kyle Collinsworth
590,Darren Collison
591,Nick Collison
592,Mike Conley
593,Pat Connaughton
594,Quinn Cook
595,Charles Cooke
596,Jack Cooley
597,Matt Costello
598,DeMarcus Cousins
599,Robert Covington
600,Allen Crabbe
601,Torrey Craig
602,Jamal Crawford
603,Jordan Crawford
604,Jae Crowder
605,Dante Cunningham
606,Stephen Curry
607,Troy Daniels
608,Anthony Davis
609,Deyonta Davis
610,Ed Davis
611,Dewayne Dedmon
612,Sam Dekker
613,Malcolm Delaney
614,Matthew Dellavedova
615,Luol Deng
616,DeMar DeRozan
617,Cheick Diallo
618,Gorgui Dieng
619,Spencer Dinwiddie
620,Tyler Dorsey
621,Damyean Dotson
622,Milton Doyle
623,PJ Dozier
624,Goran Dragić
625,Larry Drew II
626,Andre Drummond
627,Jared Dudley
628,Kris Dunn
629,Kevin Durant
630,Jarell Eddie
631,Henry Ellenson
632,Wayne Ellington
633,Joel Embiid
634,James Ennis III
635,Tyler Ennis
636,Jawun Evans
637,Jeremy Evans
638,Tyreke Evans
639,Dante Exum
640,Kenneth Faried
641,Derrick Favors
642,Kay Felder
643,Cristiano Felício
644,Raymond Felton
645,Terrance Ferguson
646,Yogi Ferrell
647,Dorian Finney-Smith
648,Bryn Forbes
649,Evan Fournier
650,De'Aaron Fox
651,Tim Frazier
652,Enes Freedom
653,Channing Frye
654,Markelle Fultz
655,Danilo Gallinari
656,Langston Galloway
657,Marc Gasol
658,Pau Gasol
659,Rudy Gay
660,Paul George
661,Marcus Georges-Hunt
662,Jonathan Gibson
663,Taj Gibson
664,Manu Ginóbili
665,Rudy Gobert
666,Aaron Gordon
667,Eric Gordon
668,Marcin Gortat
669,Treveon Graham
670,Jerami Grant
671,Jerian Grant
672,Josh Gray
673,Danny Green
674,Draymond Green
675,Gerald Green
676,JaMychal Green
677,Jeff Green
678,Blake Griffin
679,Daniel Hamilton
680,Tim Hardaway Jr.
681,James Harden
682,Maurice Harkless
683,Montrezl Harrell
684,Devin Harris
685,Gary Harris
686,Joe Harris
687,Tobias Harris
688,Aaron Harrison
689,Andrew Harrison
690,Shaquille Harrison
691,Josh Hart
692,Udonis Haslem
693,Nigel Hayes
694,Gordon Hayward
695,Reggie Hearn
696,Myke Henry
697,John Henson
698,Juancho Hernangómez
699,Willy Hernangómez
700,Mario Hezonja
701,Isaiah Hicks
702,Buddy Hield
703,Nenê
704,George Hill
705,Solomon Hill
706,Darrun Hilliard
707,Jrue Holiday
708,Justin Holiday
709,John Holland
710,Rondae Hollis-Jefferson
711,Richaun Holmes
712,Rodney Hood
713,Scotty Hopson
714,Al Horford
715,Danuel House Jr.
716,Dwight Howard
717,Josh Huestis
718,R.J. Hunter
719,Vince Hunter
720,Serge Ibaka
721,Andre Iguodala
722,Ersan İlyasova
723,Joe Ingles
724,Andre Ingram
725,Brandon Ingram
726,Kyrie Irving
727,Jonathan Isaac
728,Wes Iwundu
729,Jarrett Jack
730,Aaron Jackson
731,Demetrius Jackson
732,Josh Jackson
733,Justin Jackson
734,Reggie Jackson
735,LeBron James
736,Mike James
737,Al Jefferson
738,Richard Jefferson
739,Brandon Jennings
740,Jonas Jerebko
741,Amir Johnson
742,Brice Johnson
743,Dakari Johnson
744,James Johnson
745,Joe Johnson
746,Omari Johnson
747,Stanley Johnson
748,Tyler Johnson
749,Wesley Johnson
750,Nikola Jokić
751,Damian Jones
752,Derrick Jones Jr.
753,Jalen Jones
754,Tyus Jones
755,DeAndre Jordan
756,Cory Joseph
757,Frank Kaminsky
758,Luke Kennard
759,Michael Kidd-Gilchrist
760,Sean Kilpatrick
761,Maxi Kleber
762,Furkan Korkmaz
763,Luke Kornet
764,Kyle Korver
765,Kosta Koufos
766,Kyle Kuzma
767,Mindaugas Kuzminskas
768,Skal Labissière
769,Jeremy Lamb
770,Shane Larkin
771,Joffrey Lauvergne
772,Zach LaVine
773,Jake Layman
774,T.J. Leaf
775,Courtney Lee
776,Damion Lee
777,Walt Lemon Jr.
778,Alex Len
779,Kawhi Leonard
780,Meyers Leonard
781,Jon Leuer
782,Caris LeVert
783,DeAndre Liggins
784,Damian Lillard
785,Jeremy Lin
786,Shaun Livingston
787,Kevon Looney
788,Brook Lopez
789,Robin Lopez
790,Kevin Love
791,Kyle Lowry
792,Timothé Luwawu-Cabarrot
793,Tyler Lydon
794,Trey Lyles
795,Shelvin Mack
796,Josh Magette
797,Ian Mahinmi
798,Thon Maker
799,Boban Marjanović
800,Lauri Markkanen
801,Jarell Martin
802,Frank Mason III
803,Mangok Mathiang
804,Wesley Matthews
805,Luc Mbah a Moute
806,James Michael McAdoo
807,Patrick McCaw
808,CJ McCollum
809,T.J. McConnell
810,Erik McCree
811,Chris McCullough
812,Doug McDermott
813,JaVale McGee
814,Rodney McGruder
815,Trey McKinney-Jones
816,Alfonzo McKinnie
817,Ben McLemore
818,Josh McRoberts
819,Jodie Meeks
820,Salah Mejri
821,Jordan Mickey
822,Khris Middleton
823,C.J. Miles
824,Darius Miller
825,Malcolm Miller
826,Patty Mills
827,Paul Millsap
828,Nikola Mirotić
829,Donovan Mitchell
830,Naz Mitrou-Long
831,Malik Monk
832,Greg Monroe
833,Luis Montero
834,Ben Moore
835,E'Twaun Moore
836,Eric Moreland
837,Jaylen Morris
838,Marcus Morris
839,Markieff Morris
840,Monte Morris
841,Johnathan Motley
842,Timofey Mozgov
843,Emmanuel Mudiay
844,Shabazz Muhammad
845,Xavier Munford
846,Dejounte Murray
847,Jamal Murray
848,Mike Muscala
849,Abdel Nader
850,Larry Nance Jr.
851,Shabazz Napier
852,Jameer Nelson
853,Raul Neto
854,Georges Niang
855,Joakim Noah
856,Nerlens Noel
857,Lucas Nogueira
858,Dirk Nowitzki
859,Frank Ntilikina
860,Jusuf Nurkić
861,David Nwaba
862,Johnny O'Bryant
863,Royce O'Neale
864,Kyle O'Quinn
865,Semi Ojeleye
866,Emeka Okafor
867,Jahlil Okafor
868,Victor Oladipo
869,Kelly Olynyk
870,Chinanu Onuaku
871,Cedi Osman
872,Kelly Oubre Jr.
873,Zaza Pachulia
874,Marcus Paige
875,Georgios Papagiannis
876,Jabari Parker
877,Tony Parker
878,Chandler Parsons
879,Patrick Patterson
880,Justin Patton
881,Brandon Paul
882,Chris Paul
883,Adreian Payne
884,Cameron Payne
885,Elfrid Payton
886,Gary Payton II
887,Kendrick Perkins
888,London Perrantes
889,Alec Peters
890,Marshall Plumlee
891,Mason Plumlee
892,Miles Plumlee
893,Jakob Poeltl
894,Quincy Pondexter
895,Otto Porter Jr.
896,Bobby Portis
897,Kristaps Porziņģis
898,Dwight Powell
899,Norman Powell
900,Alex Poythress
901,Taurean Prince
902,Jacob Pullen
903,Rodney Purvis
904,Zhou Qi
905,Tim Quarterman
906,Ivan Rabb
907,Julius Randle
908,Zach Randolph
909,Xavier Rathan-Mayes
910,J.J. Redick
911,Davon Reed
912,Willie Reed
913,Josh Richardson
914,Malachi Richardson
915,Austin Rivers
916,Andre Roberson
917,Devin Robinson
918,Glenn Robinson III
919,Rajon Rondo
920,Derrick Rose
921,Terrence Ross
922,Terry Rozier
923,Ricky Rubio
924,D'Angelo Russell
925,Domantas Sabonis
926,JaKarr Sampson
927,Dario Šarić
928,Tomáš Satoranský
929,Dennis Schröder
930,Mike Scott
931,Thabo Sefolosha
932,Wayne Selden
933,Ramon Sessions
934,Iman Shumpert
935,Pascal Siakam
936,Xavier Silas
937,Ben Simmons
938,Jonathon Simmons
939,Kobi Simmons
940,Kyle Singler
941,Marcus Smart
942,Dennis Smith Jr.
943,Ish Smith
944,J.R. Smith
945,Jason Smith
946,Josh Smith
947,Tony Snell
948,Marreese Speights
949,Nik Stauskas
950,Lance Stephenson
951,David Stockton
952,Julyan Stone
953,Edmond Sumner
954,Caleb Swanigan
955,Jayson Tatum
956,Isaiah Taylor
957,Jeff Teague
958,Marquis Teague
959,Mirza Teletović
960,Garrett Temple
961,Miloš Teodosić
962,Jason Terry
963,Daniel Theis
964,Isaiah Thomas
965,Lance Thomas
966,Klay Thompson
967,Tristan Thompson
968,Sindarius Thornwell
969,Anthony Tolliver
970,Karl-Anthony Towns
971,P.J. Tucker
972,Evan Turner
973,Myles Turner
974,Ekpe Udoh
975,Tyler Ulis
976,Jonas Valančiūnas
977,Denzel Valentine
978,Fred VanVleet
979,Rashad Vaughn
980,Noah Vonleh
981,Nikola Vučević
982,Dwyane Wade
983,Dion Waiters
984,Kemba Walker
985,John Wall
986,Tyrone Wallace
987,Derrick Walton
988,Jameel Warney
989,T.J. Warren
990,Travis Wear
991,James Webb III
992,Briante Weber
993,David West
994,Russell Westbrook
995,Andrew White
996,Derrick White
997,Okaro White
998,Isaiah Whitehead
999,Hassan Whiteside
1000,Andrew Wiggins
1001,Jacob Wiley
1002,Damien Wilkins
1003,Alan Williams
1004,C.J. Williams
1005,Derrick Williams
1006,Lou Williams
1007,Marvin Williams
1008,Matt Williams
1009,Troy Williams
1010,D.J. Wilson
1011,Jamil Wilson
1012,Justise Winslow
1013,Jeff Withey
1014,Nate Wolters
1015,Brandan Wright
1016,Delon Wright
1017,Guerschon Yabusele
1018,James Young
1019,Joe Young
1020,Nick Young
1021,Thaddeus Young
1022,Cody Zeller
1023,Tyler Zeller
1024,Paul Zipser
1025,Ante Žižić
1026,Ivica Zubac
1027,Álex Abrines
1028,Quincy Acy
1029,Jaylen Adams
1030,Steven Adams
1031,Bam Adebayo
1032,Deng Adel
1033,DeVaughn Akoon-Purcell
1034,LaMarcus Aldridge
1035,Rawle Alkins
1036,Grayson Allen
1037,Jarrett Allen
1038,Kadeem Allen
1039,Al-Farouq Aminu
1040,Justin Anderson
1041,Kyle Anderson
1042,Ryan Anderson
1043,Ike Anigbogu
1044,Giannis Antetokounmpo
1045,Kostas Antetokounmpo
1046,Carmelo Anthony
1047,OG Anunoby
1048,Ryan Arcidiacono
1049,Trevor Ariza
1050,D.J. Augustin
1051,Deandre Ayton
1052,Dwayne Bacon
1053,Marvin Bagley III
1054,Ron Baker
1055,Wade Baldwin
1056,Lonzo Ball
1057,Mo Bamba
1058,J.J. Barea
1059,Harrison Barnes
1060,Will Barton
1061,Keita Bates-Diop
1062,Nicolas Batum
1063,Jerryd Bayless
1064,Aron Baynes
1065,Kent Bazemore
1066,Bradley Beal
1067,Malik Beasley
1068,Michael Beasley
1069,Marco Belinelli
1070,Jordan Bell
1071,DeAndre' Bembry
1072,Dragan Bender
1073,Dairis Bertāns
1074,Dāvis Bertāns
1075,Patrick Beverley
1076,Khem Birch
1077,Bismack Biyombo
1078,Nemanja Bjelica
1079,Antonio Blakeney
1080,Eric Bledsoe
1081,Jaron Blossomgame
1082,Bogdan Bogdanović
1083,Bojan Bogdanović
1084,Andrew Bogut
1085,Jonah Bolden
1086,Isaac Bonga
1087,Devin Booker
1088,Chris Boucher
1089,Avery Bradley
1090,Tony Bradley
1091,Corey Brewer
1092,Mikal Bridges
1093,Miles Bridges
1094,Isaiah Briscoe
1095,Ryan Broekhoff
1096,Malcolm Brogdon
1097,Dillon Brooks
1098,MarShon Brooks
1099,Bruce Brown
1100,Jaylen Brown
1101,Lorenzo Brown
1102,Sterling Brown
1103,Troy Brown Jr.
1104,Jalen Brunson
1105,Thomas Bryant
1106,Reggie Bullock
1107,Trey Burke
1108,Alec Burks
1109,Deonte Burton
1110,Jimmy Butler
1111,Bruno Caboclo
1112,José Calderón
1113,Kentavious Caldwell-Pope
1114,Isaiah Canaan
1115,Clint Capela
1116,DeMarre Carroll
1117,Jevon Carter
1118,Vince Carter
1119,Wendell Carter Jr.
1120,Michael Carter-Williams
1121,Alex Caruso
1122,Omri Casspi
1123,Willie Cauley-Stein
1124,Troy Caupain
1125,Tyler Cavanaugh
1126,Tyson Chandler
1127,Wilson Chandler
1128,Joe Chealey
1129,Chris Chiozza
1130,Marquese Chriss
1131,Gary Clark
1132,Ian Clark
1133,Jordan Clarkson
1134,John Collins
1135,Zach Collins
1136,Darren Collison
1137,Bonzie Colson
1138,Mike Conley
1139,Pat Connaughton
1140,Quinn Cook
1141,DeMarcus Cousins
1142,Robert Covington
1143,Allen Crabbe
1144,Torrey Craig
1145,Jamal Crawford
1146,Mitch Creek
1147,Jae Crowder
1148,Dante Cunningham
1149,Seth Curry
1150,Stephen Curry
1151,Troy Daniels
1152,Anthony Davis
1153,Deyonta Davis
1154,Ed Davis
1155,Tyler Davis
1156,Dewayne Dedmon
1157,Sam Dekker
1158,Ángel Delgado
1159,Matthew Dellavedova
1160,Luol Deng
1161,DeMar DeRozan
1162,Marcus Derrickson
1163,Cheick Diallo
1164,Hamidou Diallo
1165,Gorgui Dieng
1166,Spencer Dinwiddie
1167,Donte DiVincenzo
1168,Luka Dončić
1169,Tyler Dorsey
1170,Damyean Dotson
1171,PJ Dozier
1172,Goran Dragić
1173,Andre Drummond
1174,Jared Dudley
1175,Kris Dunn
1176,Kevin Durant
1177,Trevon Duval
1178,Vince Edwards
1179,Henry Ellenson
1180,Wayne Ellington
1181,Joel Embiid
1182,James Ennis III
1183,Drew Eubanks
1184,Jacob Evans
1185,Jawun Evans
1186,Tyreke Evans
1187,Dante Exum
1188,Kenneth Faried
1189,Derrick Favors
1190,Cristiano Felício
1191,Raymond Felton
1192,Terrance Ferguson
1193,Yogi Ferrell
1194,Dorian Finney-Smith
1195,Bryn Forbes
1196,Evan Fournier
1197,De'Aaron Fox
1198,Melvin Frazier
1199,Tim Frazier
1200,Jimmer Fredette
1201,Enes Freedom
1202,Channing Frye
1203,Markelle Fultz
1204,Danilo Gallinari
1205,Langston Galloway
1206,Billy Garrett
1207,Marc Gasol
1208,Pau Gasol
1209,Rudy Gay
1210,Paul George
1211,Taj Gibson
1212,Harry Giles
1213,Shai Gilgeous-Alexander
1214,Rudy Gobert
1215,Brandon Goodwin
1216,Aaron Gordon
1217,Eric Gordon
1218,Marcin Gortat
1219,Devonte' Graham
1220,Treveon Graham
1221,Jerami Grant
1222,Jerian Grant
1223,Donte Grantham
1224,Danny Green
1225,Draymond Green
1226,Gerald Green
1227,JaMychal Green
1228,Jeff Green
1229,Blake Griffin
1230,Daniel Hamilton
1231,Dusty Hannahs
1232,Tim Hardaway Jr.
1233,James Harden
1234,Maurice Harkless
1235,Montrezl Harrell
1236,Devin Harris
1237,Gary Harris
1238,Joe Harris
1239,Tobias Harris
1240,Andrew Harrison
1241,Shaquille Harrison
1242,Josh Hart
1243,Isaiah Hartenstein
1244,Udonis Haslem
1245,Gordon Hayward
1246,John Henson
1247,Juancho Hernangómez
1248,Willy Hernangómez
1249,Mario Hezonja
1250,Isaiah Hicks
1251,Buddy Hield
1252,Haywood Highsmith
1253,Nenê
1254,George Hill
1255,Solomon Hill
1256,Aaron Holiday
1257,Jrue Holiday
1258,Justin Holiday
1259,John Holland
1260,Rondae Hollis-Jefferson
1261,Richaun Holmes
1262,Rodney Hood
1263,Al Horford
1264,Danuel House Jr.
1265,Dwight Howard
1266,Kevin Huerter
1267,Isaac Humphries
1268,R.J. Hunter
1269,Chandler Hutchison
1270,Serge Ibaka
1271,Andre Iguodala
1272,Ersan İlyasova
1273,Joe Ingles
1274,Andre Ingram
1275,Brandon Ingram
1276,Kyrie Irving
1277,Jonathan Isaac
1278,Wes Iwundu
1279,Demetrius Jackson
1280,Frank Jackson
1281,Jaren Jackson Jr.
1282,Josh Jackson
1283,Justin Jackson
1284,Reggie Jackson
1285,LeBron James
1286,Amile Jefferson
1287,John Jenkins
1288,Jonas Jerebko
1289,Alize Johnson
1290,Amir Johnson
1291,B.J. Johnson
1292,James Johnson
1293,Stanley Johnson
1294,Tyler Johnson
1295,Wesley Johnson
1296,Nikola Jokić
1297,Damian Jones
1298,Derrick Jones Jr.
1299,Jalen Jones
1300,Jemerrio Jones
1301,Terrence Jones
1302,Tyus Jones
1303,DeAndre Jordan
1304,Cory Joseph
1305,Frank Kaminsky
1306,Luke Kennard
1307,Michael Kidd-Gilchrist
1308,George King
1309,Maxi Kleber
1310,Brandon Knight
1311,Kevin Knox
1312,Furkan Korkmaz
1313,Luke Kornet
1314,Kyle Korver
1315,Kosta Koufos
1316,Rodions Kurucs
1317,Kyle Kuzma
1318,Skal Labissière
1319,Jeremy Lamb
1320,Zach LaVine
1321,Jake Layman
1322,T.J. Leaf
1323,Courtney Lee
1324,Damion Lee
1325,Walt Lemon Jr.
1326,Alex Len
1327,Kawhi Leonard
1328,Meyers Leonard
1329,Jon Leuer
1330,Caris LeVert
1331,Damian Lillard
1332,Jeremy Lin
1333,Shaun Livingston
1334,Zach Lofton
1335,Kevon Looney
1336,Brook Lopez
1337,Robin Lopez
1338,Kevin Love
1339,Kyle Lowry
1340,Jordan Loyd
1341,Kalin Lucas
1342,Timothé Luwawu-Cabarrot
1343,Tyler Lydon
1344,Trey Lyles
1345,Scott Machado
1346,Shelvin Mack
1347,Daryl Macon
1348,J.P. Macura
1349,Ian Mahinmi
1350,Thon Maker
1351,Boban Marjanović
1352,Lauri Markkanen
1353,Jarell Martin
1354,Frank Mason III
1355,Yante Maten
1356,Wesley Matthews
1357,Luc Mbah a Moute
1358,Tahjere McCall
1359,Patrick McCaw
1360,CJ McCollum
1361,T.J. McConnell
1362,Doug McDermott
1363,JaVale McGee
1364,Rodney McGruder
1365,Alfonzo McKinnie
1366,Ben McLemore
1367,Jordan McRae
1368,Jodie Meeks
1369,Salah Mejri
1370,De'Anthony Melton
1371,Chimezie Metu
1372,Khris Middleton
1373,C.J. Miles
1374,Darius Miller
1375,Malcolm Miller
1376,Patty Mills
1377,Paul Millsap
1378,Shake Milton
1379,Nikola Mirotić
1380,Donovan Mitchell
1381,Naz Mitrou-Long
1382,Malik Monk
1383,Greg Monroe
1384,E'Twaun Moore
1385,Eric Moreland
1386,Jaylen Morris
1387,Marcus Morris
1388,Markieff Morris
1389,Monte Morris
1390,Donatas Motiejūnas
1391,Johnathan Motley
1392,Emmanuel Mudiay
1393,Jamal Murray
1394,Džanan Musa
1395,Mike Muscala
1396,Svi Mykhailiuk
1397,Abdel Nader
1398,Larry Nance Jr.
1399,Shabazz Napier
1400,Raul Neto
1401,Georges Niang
1402,Joakim Noah
1403,Nerlens Noel
1404,Dirk Nowitzki
1405,Frank Ntilikina
1406,James Nunnally
1407,Jusuf Nurkić
1408,David Nwaba
1409,Royce O'Neale
1410,Kyle O'Quinn
1411,Semi Ojeleye
1412,Jahlil Okafor
1413,Elie Okobo
1414,Josh Okogie
1415,Victor Oladipo
1416,Kelly Olynyk
1417,Cedi Osman
1418,Kelly Oubre Jr.
1419,Zaza Pachulia
1420,Jabari Parker
1421,Tony Parker
1422,Chandler Parsons
1423,Patrick Patterson
1424,Justin Patton
1425,Chris Paul
1426,Cameron Payne
1427,Elfrid Payton
1428,Gary Payton II
1429,Theo Pinson
1430,Mason Plumlee
1431,Miles Plumlee
1432,Jakob Poeltl
1433,Quincy Pondexter
1434,Otto Porter Jr.
1435,Bobby Portis
1436,Dwight Powell
1437,Norman Powell
1438,Alex Poythress
1439,Taurean Prince
1440,Zhou Qi
1441,Ivan Rabb
1442,Chasson Randle
1443,Julius Randle
1444,J.J. Redick
1445,Davon Reed
1446,Cameron Reynolds
1447,Josh Richardson
1448,Malachi Richardson
1449,Austin Rivers
1450,Devin Robinson
1451,Duncan Robinson
1452,Glenn Robinson III
1453,Jerome Robinson
1454,Mitchell Robinson
1455,Rajon Rondo
1456,Derrick Rose
1457,Terrence Ross
1458,Terry Rozier
1459,Ricky Rubio
1460,D'Angelo Russell
1461,Domantas Sabonis
1462,Brandon Sampson
1463,JaKarr Sampson
1464,Dario Šarić
1465,Tomáš Satoranský
1466,Dennis Schröder
1467,Mike Scott
1468,Thabo Sefolosha
1469,Wayne Selden
1470,Collin Sexton
1471,Landry Shamet
1472,Iman Shumpert
1473,Pascal Siakam
1474,Jordan Sibert
1475,Ben Simmons
1476,Jonathon Simmons
1477,Kobi Simmons
1478,Anfernee Simons
1479,Marcus Smart
1480,Dennis Smith Jr.
1481,Ish Smith
1482,J.R. Smith
1483,Jason Smith
1484,Zhaire Smith
1485,Tony Snell
1486,Ray Spalding
1487,Omari Spellman
1488,Nik Stauskas
1489,D.J. Stephens
1490,Lance Stephenson
1491,Edmond Sumner
1492,Caleb Swanigan
1493,Jayson Tatum
1494,Jeff Teague
1495,Garrett Temple
1496,Miloš Teodosić
1497,Jared Terrell
1498,Emanuel Terry
1499,Daniel Theis
1500,Isaiah Thomas
1501,Khyri Thomas
1502,Lance Thomas
1503,Klay Thompson
1504,Tristan Thompson
1505,Sindarius Thornwell
1506,Anthony Tolliver
1507,Karl-Anthony Towns
1508,Gary Trent Jr.
1509,Allonzo Trier
1510,P.J. Tucker
1511,Evan Turner
1512,Myles Turner
1513,Ekpe Udoh
1514,Tyler Ulis
1515,Jonas Valančiūnas
1516,Jarred Vanderbilt
1517,Fred VanVleet
1518,Noah Vonleh
1519,Nikola Vučević
1520,Dwyane Wade
1521,Moritz Wagner
1522,Dion Waiters
1523,Kemba Walker
1524,Lonnie Walker IV
1525,John Wall
1526,Tyrone Wallace
1527,Brad Wanamaker
1528,T.J. Warren
1529,Julian Washburn
1530,Yuta Watanabe
1531,Thomas Welsh
1532,Russell Westbrook
1533,Derrick White
1534,Okaro White
1535,Hassan Whiteside
1536,Andrew Wiggins
1537,Alan Williams
1538,C.J. Williams
1539,Johnathan Williams
1540,Kenrich Williams
1541,Lou Williams
1542,Marvin Williams
1543,Robert Williams
1544,Troy Williams
1545,D.J. Wilson
1546,Justise Winslow
1547,Christian Wood
1548,Delon Wright
1549,Guerschon Yabusele
1550,Nick Young
1551,Thaddeus Young
1552,Trae Young
1553,Cody Zeller
1554,Tyler Zeller
1555,Ante Žižić
1556,Ivica Zubac
1557,Steven Adams
1558,Bam Adebayo
1559,LaMarcus Aldridge
1560,Kyle Alexander
1561,Nickeil Alexander-Walker
1562,Grayson Allen
1563,Jarrett Allen
1564,Kadeem Allen
1565,Al-Farouq Aminu
1566,Justin Anderson
1567,Kyle Anderson
1568,Ryan Anderson
1569,Giannis Antetokounmpo
1570,Kostas Antetokounmpo
1571,Thanasis Antetokounmpo
1572,Carmelo Anthony
1573,OG Anunoby
1574,Ryan Arcidiacono
1575,Trevor Ariza
1576,D.J. Augustin
1577,Deandre Ayton
1578,Dwayne Bacon
1579,Marvin Bagley III
1580,Lonzo Ball
1581,Mo Bamba
1582,J.J. Barea
1583,Harrison Barnes
1584,RJ Barrett
1585,Will Barton
1586,Keita Bates-Diop
1587,Nicolas Batum
1588,Aron Baynes
1589,Kent Bazemore
1590,Darius Bazley
1591,Bradley Beal
1592,Malik Beasley
1593,Marco Belinelli
1594,Jordan Bell
1595,DeAndre' Bembry
1596,Dragan Bender
1597,Dāvis Bertāns
1598,Patrick Beverley
1599,Khem Birch
1600,Goga Bitadze
1601,Bismack Biyombo
1602,Nemanja Bjelica
1603,Eric Bledsoe
1604,Bogdan Bogdanović
1605,Bojan Bogdanović
1606,Bol Bol
1607,Jonah Bolden
1608,Marques Bolden
1609,Jordan Bone
1610,Isaac Bonga
1611,Devin Booker
1612,Chris Boucher
1613,Brian Bowen
1614,Ky Bowman
1615,Avery Bradley
1616,Tony Bradley
1617,Jarrell Brantley
1618,Ignas Brazdeikis
1619,Corey Brewer
1620,Mikal Bridges
1621,Miles Bridges
1622,Oshae Brissett
1623,Ryan Broekhoff
1624,Malcolm Brogdon
1625,Dillon Brooks
1626,Bruce Brown
1627,Charlie Brown Jr.
1628,Jaylen Brown
1629,Moses Brown
1630,Sterling Brown
1631,Troy Brown Jr.
1632,Jalen Brunson
1633,Thomas Bryant
1634,Reggie Bullock
1635,Trey Burke
1636,Alec Burks
1637,Deonte Burton
1638,Jimmy Butler
1639,Bruno Caboclo
1640,Devontae Cacok
1641,Kentavious Caldwell-Pope
1642,Vlatko Čančar
1643,Clint Capela
1644,DeMarre Carroll
1645,Jevon Carter
1646,Vince Carter
1647,Wendell Carter Jr.
1648,Michael Carter-Williams
1649,Alex Caruso
1650,Willie Cauley-Stein
1651,Tyson Chandler
1652,Wilson Chandler
1653,Joe Chealey
1654,Zylan Cheatham
1655,Chris Chiozza
1656,Marquese Chriss
1657,Gary Clark
1658,Brandon Clarke
1659,Jordan Clarkson
1660,Nic Claxton
1661,Chris Clemons
1662,Antonius Cleveland
1663,Amir Coffey
1664,John Collins
1665,Zach Collins
1666,Mike Conley
1667,Pat Connaughton
1668,Quinn Cook
1669,Tyler Cook
1670,Robert Covington
1671,Allen Crabbe
1672,Torrey Craig
1673,Jamal Crawford
1674,Jae Crowder
1675,Jarrett Culver
1676,Seth Curry
1677,Stephen Curry
1678,Troy Daniels
1679,Anthony Davis
1680,Ed Davis
1681,Terence Davis
1682,Dewayne Dedmon
1683,Matthew Dellavedova
1684,DeMar DeRozan
1685,Cheick Diallo
1686,Hamidou Diallo
1687,Gorgui Dieng
1688,Spencer Dinwiddie
1689,Donte DiVincenzo
1690,Luka Dončić
1691,Luguentz Dort
1692,Damyean Dotson
1693,Sekou Doumbouya
1694,PJ Dozier
1695,Goran Dragić
1696,Andre Drummond
1697,Jared Dudley
1698,Kris Dunn
1699,Carsen Edwards
1700,Henry Ellenson
1701,Wayne Ellington
1702,Joel Embiid
1703,James Ennis III
1704,Drew Eubanks
1705,Jacob Evans
1706,Dante Exum
1707,Tacko Fall
1708,Derrick Favors
1709,Cristiano Felício
1710,Terrance Ferguson
1711,Bruno Fernando
1712,Yogi Ferrell
1713,Dorian Finney-Smith
1714,Bryn Forbes
1715,Evan Fournier
1716,De'Aaron Fox
1717,Melvin Frazier
1718,Michael Frazier
1719,Tim Frazier
1720,Enes Freedom
1721,Markelle Fultz
1722,Wenyen Gabriel
1723,Daniel Gafford
1724,Danilo Gallinari
1725,Langston Galloway
1726,Darius Garland
1727,Marc Gasol
1728,Rudy Gay
1729,Paul George
1730,Taj Gibson
1731,Harry Giles
1732,Shai Gilgeous-Alexander
1733,Rudy Gobert
1734,Brandon Goodwin
1735,Aaron Gordon
1736,Eric Gordon
1737,Devonte' Graham
1738,Treveon Graham
1739,Jerami Grant
1740,Jerian Grant
1741,Josh Gray
1742,Danny Green
1743,Draymond Green
1744,JaMychal Green
1745,Javonte Green
1746,Jeff Green
1747,Blake Griffin
1748,Marko Guduric
1749,Kyle Guy
1750,Rui Hachimura
1751,Devon Hall
1752,Donta Hall
1753,Dusty Hannahs
1754,Tim Hardaway Jr.
1755,James Harden
1756,Maurice Harkless
1757,Jared Harper
1758,Montrezl Harrell
1759,Gary Harris
1760,Joe Harris
1761,Tobias Harris
1762,Shaquille Harrison
1763,Josh Hart
1764,Isaiah Hartenstein
1765,Udonis Haslem
1766,Jaxson Hayes
1767,Gordon Hayward
1768,John Henson
1769,Dewan Hernandez
1770,Juancho Hernangómez
1771,Willy Hernangómez
1772,Tyler Herro
1773,Kevin Hervey
1774,Mario Hezonja
1775,Buddy Hield
1776,George Hill
1777,Solomon Hill
1778,Jaylen Hoard
1779,Aaron Holiday
1780,Jrue Holiday
1781,Justin Holiday
1782,Rondae Hollis-Jefferson
1783,Richaun Holmes
1784,Rodney Hood
1785,Al Horford
1786,Talen Horton-Tucker
1787,Danuel House Jr.
1788,Dwight Howard
1789,William Howard
1790,Kevin Huerter
1791,De'Andre Hunter
1792,Chandler Hutchison
1793,Serge Ibaka
1794,Andre Iguodala
1795,Ersan İlyasova
1796,Joe Ingles
1797,Brandon Ingram
1798,Kyrie Irving
1799,Jonathan Isaac
1800,Wes Iwundu
1801,Frank Jackson
1802,Jaren Jackson Jr.
1803,Josh Jackson
1804,Justin Jackson
1805,Reggie Jackson
1806,Justin James
1807,LeBron James
1808,Amile Jefferson
1809,DaQuan Jeffries
1810,Ty Jerome
1811,Alize Johnson
1812,B.J. Johnson
1813,Cameron Johnson
1814,James Johnson
1815,Keldon Johnson
1816,Stanley Johnson
1817,Tyler Johnson
1818,Nikola Jokić
1819,Damian Jones
1820,Derrick Jones Jr.
1821,Tyus Jones
1822,DeAndre Jordan
1823,Cory Joseph
1824,Mfiondu Kabengele
1825,Frank Kaminsky
1826,Luke Kennard
1827,Stanton Kidd
1828,Michael Kidd-Gilchrist
1829,Louis King
1830,Maxi Kleber
1831,Brandon Knight
1832,Kevin Knox
1833,John Konchar
1834,Furkan Korkmaz
1835,Luke Kornet
1836,Kyle Korver
1837,Rodions Kurucs
1838,Kyle Kuzma
1839,Skal Labissière
1840,Jeremy Lamb
1841,Romeo Langford
1842,Zach LaVine
1843,Vic Law
1844,Jake Layman
1845,T.J. Leaf
1846,Jalen Lecque
1847,Courtney Lee
1848,Damion Lee
1849,Alex Len
1850,Kawhi Leonard
1851,Meyers Leonard
1852,Caris LeVert
1853,Damian Lillard
1854,Nassir Little
1855,Kevon Looney
1856,Brook Lopez
1857,Robin Lopez
1858,Kevin Love
1859,Kyle Lowry
1860,Timothé Luwawu-Cabarrot
1861,Trey Lyles
1862,Daryl Macon
1863,J.P. Macura
1864,Josh Magette
1865,Ian Mahinmi
1866,Thon Maker
1867,Terance Mann
1868,Boban Marjanović
1869,Lauri Markkanen
1870,Caleb Martin
1871,Cody Martin
1872,Jeremiah Martin
1873,Kelan Martin
1874,Frank Mason III
1875,Garrison Mathews
1876,Wesley Matthews
1877,Luc Mbah a Moute
1878,Patrick McCaw
1879,CJ McCollum
1880,T.J. McConnell
1881,Jalen McDaniels
1882,Doug McDermott
1883,JaVale McGee
1884,Rodney McGruder
1885,Alfonzo McKinnie
1886,Jordan McLaughlin
1887,Ben McLemore
1888,Jordan McRae
1889,Nicolò Melli
1890,De'Anthony Melton
1891,Chimezie Metu
1892,Khris Middleton
1893,Eric Mika
1894,C.J. Miles
1895,Malcolm Miller
1896,Patty Mills
1897,Paul Millsap
1898,Shake Milton
1899,Donovan Mitchell
1900,Naz Mitrou-Long
1901,Adam Mokoka
1902,Malik Monk
1903,Matt Mooney
1904,E'Twaun Moore
1905,Ja Morant
1906,Juwan Morgan
1907,Marcus Morris
1908,Markieff Morris
1909,Monte Morris
1910,Johnathan Motley
1911,Emmanuel Mudiay
1912,Mychal Mulder
1913,Dejounte Murray
1914,Jamal Murray
1915,Džanan Musa
1916,Mike Muscala
1917,Svi Mykhailiuk
1918,Abdel Nader
1919,Larry Nance Jr.
1920,Shabazz Napier
1921,Raul Neto
1922,Malik Newman
1923,Georges Niang
1924,Joakim Noah
1925,Nerlens Noel
1926,Zach Norvell
1927,Jaylen Nowell
1928,Frank Ntilikina
1929,Kendrick Nunn
1930,Jusuf Nurkić
1931,David Nwaba
1932,Royce O'Neale
1933,Kyle O'Quinn
1934,Semi Ojeleye
1935,Jahlil Okafor
1936,Elie Okobo
1937,Josh Okogie
1938,KZ Okpala
1939,Victor Oladipo
1940,Kelly Olynyk
1941,Miye Oni
1942,Cedi Osman
1943,Kelly Oubre Jr.
1944,Tariq Owens
1945,Jeremy Pargo
1946,Jabari Parker
1947,Chandler Parsons
1948,Eric Paschall
1949,Anžejs Pasečņiks
1950,Patrick Patterson
1951,Justin Patton
1952,Chris Paul
1953,Cameron Payne
1954,Elfrid Payton
1955,Gary Payton II
1956,Norvel Pelle
1957,Theo Pinson
1958,Mason Plumlee
1959,Jakob Poeltl
1960,Vincent Poirier
1961,Shamorie Ponds
1962,Jordan Poole
1963,Kevin Porter Jr.
1964,Michael Porter Jr.
1965,Otto Porter Jr.
1966,Bobby Portis
1967,Kristaps Porziņģis
1968,Dwight Powell
1969,Norman Powell
1970,Taurean Prince
1971,Chasson Randle
1972,Julius Randle
1973,Josh Reaves
1974,Cam Reddish
1975,J.J. Redick
1976,Naz Reid
1977,Josh Richardson
1978,Austin Rivers
1979,Andre Roberson
1980,Duncan Robinson
1981,Glenn Robinson III
1982,Jerome Robinson
1983,Justin Robinson
1984,Mitchell Robinson
1985,Isaiah Roby
1986,Rajon Rondo
1987,Derrick Rose
1988,Terrence Ross
1989,Terry Rozier
1990,Ricky Rubio
1991,D'Angelo Russell
1992,Domantas Sabonis
1993,Luka Šamanić
1994,JaKarr Sampson
1995,Dario Šarić
1996,Tomáš Satoranský
1997,Admiral Schofield
1998,Dennis Schröder
1999,Mike Scott
2000,Thabo Sefolosha
2001,Collin Sexton
2002,Landry Shamet
2003,Marial Shayok
2004,Iman Shumpert
2005,Pascal Siakam
2006,Chris Silva
2007,Ben Simmons
2008,Anfernee Simons
2009,Alen Smailagić
2010,Marcus Smart
2011,Dennis Smith Jr.
2012,Ish Smith
2013,J.R. Smith
2014,Zhaire Smith
2015,Tony Snell
2016,Omari Spellman
2017,Max Strus
2018,Edmond Sumner
2019,Caleb Swanigan
2020,Jayson Tatum
2021,Jeff Teague
2022,Garrett Temple
2023,Daniel Theis
2024,Isaiah Thomas
2025,Khyri Thomas
2026,Lance Thomas
2027,Matt Thomas
2028,Tristan Thompson
2029,Sindarius Thornwell
2030,Matisse Thybulle
2031,Anthony Tolliver
2032,Juan Toscano-Anderson
2033,Karl-Anthony Towns
2034,Gary Trent Jr.
2035,Allonzo Trier
2036,P.J. Tucker
2037,Rayjon Tucker
2038,Evan Turner
2039,Myles Turner
2040,Jarrod Uthoff
2041,Jonas Valančiūnas
2042,Denzel Valentine
2043,Jarred Vanderbilt
2044,Fred VanVleet
2045,Gabe Vincent
2046,Noah Vonleh
2047,Nikola Vučević
2048,Dean Wade
2049,Moritz Wagner
2050,Dion Waiters
2051,Kemba Walker
2052,Lonnie Walker IV
2053,Tyrone Wallace
2054,Derrick Walton
2055,Brad Wanamaker
2056,T.J. Warren
2057,P.J. Washington
2058,Yuta Watanabe
2059,Tremont Waters
2060,Paul Watson
2061,Quinndary Weatherspoon
2062,Russell Westbrook
2063,Coby White
2064,Derrick White
2065,Hassan Whiteside
2066,Andrew Wiggins
2067,Grant Williams
2068,Johnathan Williams
2069,Kenrich Williams
2070,Lou Williams
2071,Marvin Williams
2072,Robert Williams
2073,Nigel Williams-Goss
2074,Zion Williamson
2075,D.J. Wilson
2076,Justise Winslow
2077,Christian Wood
2078,Delon Wright
2079,Justin Wright-Foreman
2080,Thaddeus Young
2081,Trae Young
2082,Cody Zeller
2083,Tyler Zeller
2084,Ante Žižić
2085,Ivica Zubac
2086,Precious Achiuwa
2087,Jaylen Adams
2088,Steven Adams
2089,Bam Adebayo
2090,LaMarcus Aldridge
2091,Ty-Shon Alexander
2092,Nickeil Alexander-Walker
2093,Grayson Allen
2094,Jarrett Allen
2095,Al-Farouq Aminu
2096,Kyle Anderson
2097,Giannis Antetokounmpo
2098,Kostas Antetokounmpo
2099,Thanasis Antetokounmpo
2100,Carmelo Anthony
2101,Cole Anthony
2102,OG Anunoby
2103,Ryan Arcidiacono
2104,Trevor Ariza
2105,D.J. Augustin
2106,Deni Avdija
2107,Deandre Ayton
2108,Udoka Azubuike
2109,Dwayne Bacon
2110,Marvin Bagley III
2111,LaMelo Ball
2112,Lonzo Ball
2113,Mo Bamba
2114,Desmond Bane
2115,Harrison Barnes
2116,RJ Barrett
2117,Will Barton
2118,Keita Bates-Diop
2119,Nicolas Batum
2120,Aron Baynes
2121,Kent Bazemore
2122,Darius Bazley
2123,Bradley Beal
2124,Malik Beasley
2125,Jordan Bell
2126,DeAndre' Bembry
2127,Dāvis Bertāns
2128,Patrick Beverley
2129,Saddiq Bey
2130,Tyler Bey
2131,Khem Birch
2132,Goga Bitadze
2133,Bismack Biyombo
2134,Nemanja Bjelica
2135,Eric Bledsoe
2136,Keljin Blevins
2137,Bogdan Bogdanović
2138,Bojan Bogdanović
2139,Bol Bol
2140,Marques Bolden
2141,Jordan Bone
2142,Isaac Bonga
2143,Devin Booker
2144,Chris Boucher
2145,Brian Bowen
2146,Avery Bradley
2147,Tony Bradley
2148,Jarrell Brantley
2149,Ignas Brazdeikis
2150,Mikal Bridges
2151,Miles Bridges
2152,Amida Brimah
2153,Oshae Brissett
2154,Malcolm Brogdon
2155,Armoni Brooks
2156,Dillon Brooks
2157,Bruce Brown
2158,Charlie Brown Jr.
2159,Jaylen Brown
2160,Moses Brown
2161,Sterling Brown
2162,Troy Brown Jr.
2163,Jalen Brunson
2164,Elijah Bryant
2165,Thomas Bryant
2166,Reggie Bullock
2167,Trey Burke
2168,Alec Burks
2169,Jimmy Butler
2170,Bruno Caboclo
2171,Devontae Cacok
2172,Kentavious Caldwell-Pope
2173,Facundo Campazzo
2174,Vlatko Čančar
2175,Devin Cannady
2176,Clint Capela
2177,Vernon Carey Jr.
2178,Jevon Carter
2179,Wendell Carter Jr.
2180,Michael Carter-Williams
2181,Alex Caruso
2182,Willie Cauley-Stein
2183,Chris Chiozza
2184,Marquese Chriss
2185,Gary Clark
2186,Brandon Clarke
2187,Jordan Clarkson
2188,Nic Claxton
2189,Amir Coffey
2190,John Collins
2191,Mike Conley
2192,Pat Connaughton
2193,Quinn Cook
2194,Tyler Cook
2195,DeMarcus Cousins
2196,Robert Covington
2197,Torrey Craig
2198,Jae Crowder
2199,Jarrett Culver
2200,Seth Curry
2201,Stephen Curry
2202,Nate Darling
2203,Anthony Davis
2204,Ed Davis
2205,Terence Davis
2206,Gabriel Deck
2207,Dewayne Dedmon
2208,Matthew Dellavedova
2209,DeMar DeRozan
2210,Mamadi Diakite
2211,Hamidou Diallo
2212,Gorgui Dieng
2213,Spencer Dinwiddie
2214,Donte DiVincenzo
2215,Luka Dončić
2216,Luguentz Dort
2217,Damyean Dotson
2218,Devon Dotson
2219,Sekou Doumbouya
2220,PJ Dozier
2221,Goran Dragić
2222,Andre Drummond
2223,Jared Dudley
2224,Kris Dunn
2225,Kevin Durant
2226,Anthony Edwards
2227,Carsen Edwards
2228,CJ Elleby
2229,Henry Ellenson
2230,Wayne Ellington
2231,Joel Embiid
2232,James Ennis III
2233,Drew Eubanks
2234,Dante Exum
2235,Tacko Fall
2236,Derrick Favors
2237,Cristiano Felício
2238,Terrance Ferguson
2239,Bruno Fernando
2240,Yogi Ferrell
2241,Dorian Finney-Smith
2242,Malik Fitts
2243,Malachi Flynn
2244,Bryn Forbes
2245,Trent Forrest
2246,Evan Fournier
2247,De'Aaron Fox
2248,Robert Franks
2249,Tim Frazier
2250,Enes Freedom
2251,Markelle Fultz
2252,Wenyen Gabriel
2253,Daniel Gafford
2254,Danilo Gallinari
2255,Langston Galloway
2256,Darius Garland
2257,Marc Gasol
2258,Rudy Gay
2259,Paul George
2260,Taj Gibson
2261,Harry Giles
2262,Shai Gilgeous-Alexander
2263,Anthony Gill
2264,Freddie Gillespie
2265,Rudy Gobert
2266,Brandon Goodwin
2267,Aaron Gordon
2268,Eric Gordon
2269,Devonte' Graham
2270,Jerami Grant
2271,Danny Green
2272,Draymond Green
2273,JaMychal Green
2274,Javonte Green
2275,Jeff Green
2276,Josh Green
2277,Blake Griffin
2278,Kyle Guy
2279,Rui Hachimura
2280,Ashton Hagans
2281,Tyrese Haliburton
2282,Donta Hall
2283,Josh Hall
2284,R.J. Hampton
2285,Tim Hardaway Jr.
2286,James Harden
2287,Maurice Harkless
2288,Jared Harper
2289,Montrezl Harrell
2290,Gary Harris
2291,Jalen Harris
2292,Joe Harris
2293,Tobias Harris
2294,Shaquille Harrison
2295,Josh Hart
2296,Isaiah Hartenstein
2297,Udonis Haslem
2298,Jaxson Hayes
2299,Killian Hayes
2300,Gordon Hayward
2301,Juancho Hernangómez
2302,Willy Hernangómez
2303,Tyler Herro
2304,Buddy Hield
2305,George Hill
2306,Solomon Hill
2307,Nate Hinton
2308,Jaylen Hoard
2309,Aaron Holiday
2310,Jrue Holiday
2311,Justin Holiday
2312,Rondae Hollis-Jefferson
2313,Richaun Holmes
2314,Rodney Hood
2315,Al Horford
2316,Talen Horton-Tucker
2317,Danuel House Jr.
2318,Dwight Howard
2319,Markus Howard
2320,Kevin Huerter
2321,Elijah Hughes
2322,De'Andre Hunter
2323,Chandler Hutchison
2324,Serge Ibaka
2325,Andre Iguodala
2326,Ersan İlyasova
2327,Joe Ingles
2328,Brandon Ingram
2329,Kyrie Irving
2330,Wes Iwundu
2331,Frank Jackson
2332,Jaren Jackson Jr.
2333,Josh Jackson
2334,Justin Jackson
2335,Reggie Jackson
2336,Justin James
2337,LeBron James
2338,Mike James
2339,DaQuan Jeffries
2340,Ty Jerome
2341,Isaiah Joe
2342,Alize Johnson
2343,Cameron Johnson
2344,James Johnson
2345,Keldon Johnson
2346,Stanley Johnson
2347,Tyler Johnson
2348,Nikola Jokić
2349,Damian Jones
2350,Derrick Jones Jr.
2351,Mason Jones
2352,Tre Jones
2353,Tyus Jones
2354,DeAndre Jordan
2355,Cory Joseph
2356,Mfiondu Kabengele
2357,Frank Kaminsky
2358,Luke Kennard
2359,Louis King
2360,Maxi Kleber
2361,Nathan Knight
2362,Kevin Knox
2363,John Konchar
2364,Furkan Korkmaz
2365,Luke Kornet
2366,Rodions Kurucs
2367,Kyle Kuzma
2368,Anthony Lamb
2369,Jeremy Lamb
2370,Romeo Langford
2371,Zach LaVine
2372,Jake Layman
2373,T.J. Leaf
2374,Jalen Lecque
2375,Damion Lee
2376,Saben Lee
2377,Alex Len
2378,Kawhi Leonard
2379,Meyers Leonard
2380,Caris LeVert
2381,Kira Lewis Jr.
2382,Damian Lillard
2383,Nassir Little
2384,Kevon Looney
2385,Brook Lopez
2386,Robin Lopez
2387,Didi Louzada
2388,Kevin Love
2389,Kyle Lowry
2390,Timothé Luwawu-Cabarrot
2391,Trey Lyles
2392,Will Magnay
2393,Thon Maker
2394,Théo Maledon
2395,Karim Mané
2396,Terance Mann
2397,Nico Mannion
2398,Boban Marjanović
2399,Lauri Markkanen
2400,Naji Marshall
2401,Caleb Martin
2402,Cody Martin
2403,Jeremiah Martin
2404,Kelan Martin
2405,Kenyon Martin Jr.
2406,Frank Mason III
2407,Garrison Mathews
2408,Dakota Mathias
2409,Wesley Matthews
2410,Tyrese Maxey
2411,Skylar Mays
2412,Patrick McCaw
2413,CJ McCollum
2414,T.J. McConnell
2415,Jaden McDaniels
2416,Jalen McDaniels
2417,Doug McDermott
2418,Sean McDermott
2419,JaVale McGee
2420,Rodney McGruder
2421,Alfonzo McKinnie
2422,Jordan McLaughlin
2423,Ben McLemore
2424,Nicolò Melli
2425,De'Anthony Melton
2426,Sam Merrill
2427,Chimezie Metu
2428,Khris Middleton
2429,Darius Miller
2430,Patty Mills
2431,Paul Millsap
2432,Shake Milton
2433,Donovan Mitchell
2434,Adam Mokoka
2435,Malik Monk
2436,E'Twaun Moore
2437,Ja Morant
2438,Juwan Morgan
2439,Marcus Morris
2440,Markieff Morris
2441,Monte Morris
2442,Mychal Mulder
2443,Dejounte Murray
2444,Jamal Murray
2445,Mike Muscala
2446,Svi Mykhailiuk
2447,Abdel Nader
2448,Larry Nance Jr.
2449,Aaron Nesmith
2450,Raul Neto
2451,Georges Niang
2452,Zeke Nnaji
2453,Nerlens Noel
2454,Jaylen Nowell
2455,Frank Ntilikina
2456,Kendrick Nunn
2457,James Nunnally
2458,Jusuf Nurkić
2459,David Nwaba
2460,Jordan Nwora
2461,Royce O'Neale
2462,Semi Ojeleye
2463,Jahlil Okafor
2464,Chuma Okeke
2465,Josh Okogie
2466,Onyeka Okongwu
2467,Isaac Okoro
2468,KZ Okpala
2469,Victor Oladipo
2470,Cameron Oliver
2471,Kelly Olynyk
2472,Miye Oni
2473,Cedi Osman
2474,Daniel Oturu
2475,Kelly Oubre Jr.
2476,Jabari Parker
2477,Eric Paschall
2478,Anžejs Pasečņiks
2479,Patrick Patterson
2480,Justin Patton
2481,Chris Paul
2482,Cameron Payne
2483,Elfrid Payton
2484,Gary Payton II
2485,Norvel Pelle
2486,Reggie Perry
2487,Theo Pinson
2488,Mason Plumlee
2489,Jakob Poeltl
2490,Vincent Poirier
2491,Aleksej Pokusevski
2492,Jordan Poole
2493,Jontay Porter
2494,Kevin Porter Jr.
2495,Michael Porter Jr.
2496,Otto Porter Jr.
2497,Bobby Portis
2498,Kristaps Porziņģis
2499,Dwight Powell
2500,Norman Powell
2501,Taurean Prince
2502,Payton Pritchard
2503,Immanuel Quickley
2504,Jahmi'us Ramsey
2505,Chasson Randle
2506,Julius Randle
2507,Cam Reddish
2508,J.J. Redick
2509,Paul Reed
2510,Naz Reid
2511,Cameron Reynolds
2512,Nick Richards
2513,Josh Richardson
2514,Grant Riller
2515,Austin Rivers
2516,Andre Roberson
2517,Duncan Robinson
2518,Glenn Robinson III
2519,Jerome Robinson
2520,Justin Robinson
2521,Mitchell Robinson
2522,Isaiah Roby
2523,Rajon Rondo
2524,Derrick Rose
2525,Terrence Ross
2526,Terry Rozier
2527,Ricky Rubio
2528,D'Angelo Russell
2529,Domantas Sabonis
2530,Luka Šamanić
2531,JaKarr Sampson
2532,Dario Šarić
2533,Tomáš Satoranský
2534,Dennis Schröder
2535,Mike Scott
2536,Jay Scrubb
2537,Collin Sexton
2538,Landry Shamet
2539,Iman Shumpert
2540,Pascal Siakam
2541,Chris Silva
2542,Ben Simmons
2543,Anfernee Simons
2544,Deividas Sirvydis
2545,Alen Smailagić
2546,Marcus Smart
2547,Dennis Smith Jr.
2548,Ish Smith
2549,Jalen Smith
2550,Tony Snell
2551,Ray Spalding
2552,Cassius Stanley
2553,Lamar Stevens
2554,Isaiah Stewart
2555,Max Strus
2556,Edmond Sumner
2557,Jae'Sean Tate
2558,Jayson Tatum
2559,Jeff Teague
2560,Garrett Temple
2561,Tyrell Terry
2562,Daniel Theis
2563,Brodric Thomas
2564,Isaiah Thomas
2565,Khyri Thomas
2566,Matt Thomas
2567,Tristan Thompson
2568,Sindarius Thornwell
2569,Matisse Thybulle
2570,Killian Tillie
2571,Xavier Tillman Sr.
2572,Anthony Tolliver
2573,Obi Toppin
2574,Juan Toscano-Anderson
2575,Axel Toupane
2576,Karl-Anthony Towns
2577,Gary Trent Jr.
2578,P.J. Tucker
2579,Rayjon Tucker
2580,Myles Turner
2581,Jonas Valančiūnas
2582,Denzel Valentine
2583,Jarred Vanderbilt
2584,Fred VanVleet
2585,Anderson Varejão
2586,Devin Vassell
2587,Gabe Vincent
2588,Noah Vonleh
2589,Nikola Vučević
2590,Dean Wade
2591,Moritz Wagner
2592,Kemba Walker
2593,Lonnie Walker IV
2594,John Wall
2595,Brad Wanamaker
2596,T.J. Warren
2597,P.J. Washington
2598,Yuta Watanabe
2599,Tremont Waters
2600,Paul Watson
2601,Quinndary Weatherspoon
2602,Russell Westbrook
2603,Coby White
2604,Derrick White
2605,Hassan Whiteside
2606,Greg Whittington
2607,Andrew Wiggins
2608,Grant Williams
2609,Kenrich Williams
2610,Lou Williams
2611,Patrick Williams
2612,Robert Williams
2613,Zion Williamson
2614,D.J. Wilson
2615,Dylan Windler
2616,Justise Winslow
2617,Cassius Winston
2618,James Wiseman
2619,Christian Wood
2620,Robert Woodard II
2621,Delon Wright
2622,Thaddeus Young
2623,Trae Young
2624,Cody Zeller
2625,Ivica Zubac